ISO3,Year,predicted_probability
AFG,1996,0.04294548866400372
AFG,1998,0.13843828927372684
AFG,2000,0.36841538692322934
AFG,2014,0.03246041894318832
AFG,2015,0.04728455986125929
AFG,2016,0.052192240582524065
AFG,2017,0.06160860394775162
AFG,2018,0.03376753790494236
AGO,1998,0.03460848696937185
AGO,2000,0.03007443770888153
AGO,2002,0.023988690729238055
AGO,2003,0.027394236515127218
AGO,2004,0.033234011860867226
AGO,2005,0.028922271416733952
AGO,2006,0.02367144452280441
AGO,2007,0.02796789365446986
AGO,2008,0.025385085765077992
AGO,2009,0.037105946895567316
AGO,2010,0.02209489532261937
AGO,2011,0.02237847536317054
AGO,2012,0.030026348668811587
AGO,2013,0.02403613736884373
AGO,2014,0.02384766935314886
AGO,2015,0.02267094523201015
AGO,2016,0.03196193788573413
AGO,2017,0.023405684604520055
AGO,2018,0.021268408927733715
ALB,1996,0.034996381021018666
ALB,1998,0.04167747601551705
ALB,2000,0.022858996899931445
ALB,2002,0.02025262073477774
ALB,2003,0.020878381538898733
ALB,2004,0.020367089165968685
ALB,2005,0.020697762352699062
ALB,2006,0.02025262073477774
ALB,2007,0.021245080797528144
ALB,2008,0.022073194377391175
ALB,2009,0.020561090013470115
ALB,2010,0.020979474604478462
ALB,2011,0.02093235779351449
ALB,2012,0.020612466574436463
ALB,2013,0.02179132491041198
ALB,2014,0.021993340596869592
ALB,2015,0.020887528307798057
ALB,2016,0.020539243564655925
ALB,2017,0.02130534082911068
ALB,2018,0.02076433089867288
ARE,1996,0.022130911423943172
ARE,1998,0.021796154144137988
ARE,2000,0.02088035528725825
ARE,2002,0.0205339484707741
ARE,2003,0.020505350261107797
ARE,2004,0.021724740043363482
ARE,2005,0.020291122324070997
ARE,2006,0.02025262073477774
ARE,2007,0.020329809089456728
ARE,2008,0.02040467023006157
ARE,2009,0.021662067982161432
ARE,2010,0.021239998520667297
ARE,2011,0.02045419831009695
ARE,2012,0.020709862280908004
ARE,2013,0.020904142998602656
ARE,2014,0.020547875550369934
ARE,2015,0.021121673104807837
ARE,2016,0.021089717044147766
ARE,2017,0.0227858485375588
ARE,2018,0.0210736886817532
ARG,1996,0.02025262073477774
ARG,1998,0.02025262073477774
ARG,2000,0.02025262073477774
ARG,2002,0.032224100965018564
ARG,2003,0.02370942236426013
ARG,2004,0.027780701305285625
ARG,2005,0.020927720331845825
ARG,2006,0.02132206579885941
ARG,2007,0.020716210811341743
ARG,2008,0.021816255199644464
ARG,2009,0.021152440496907093
ARG,2010,0.02114697286293168
ARG,2011,0.020646675049180344
ARG,2012,0.021156824431308122
ARG,2013,0.020645724379271712
ARG,2014,0.020743254458027712
ARG,2015,0.020622982773096772
ARG,2016,0.020694904755104836
ARG,2017,0.021285505936811
ARG,2018,0.02419453013479104
ARM,1996,0.032948836528982804
ARM,1998,0.02213756156919253
ARM,2000,0.021298938581160293
ARM,2002,0.023831125143367934
ARM,2003,0.03031051628141526
ARM,2004,0.024301779417955596
ARM,2005,0.030332481337710077
ARM,2006,0.025121679643047002
ARM,2007,0.024896526283585563
ARM,2008,0.025369594176642658
ARM,2009,0.02810416382963632
ARM,2010,0.023606081770089934
ARM,2011,0.023823860396876558
ARM,2012,0.030037189306243925
ARM,2013,0.021850062037997938
ARM,2014,0.020295624445729233
ARM,2015,0.02442840409012342
ARM,2016,0.02295271379139126
ARM,2017,0.021276281559419043
ARM,2018,0.02079875142981061
AUS,1996,0.020561090013470115
AUS,1998,0.020818797282420417
AUS,2000,0.020857238107244918
AUS,2002,0.020509390730649068
AUS,2003,0.02048374353793549
AUS,2004,0.020353507374088798
AUS,2005,0.020667857527530347
AUS,2006,0.02134538419570192
AUS,2007,0.02113854491645237
AUS,2008,0.020851110833519804
AUS,2009,0.02254335523732497
AUS,2010,0.020983910563555423
AUS,2011,0.020716210811341743
AUS,2012,0.02025262073477774
AUS,2013,0.020439124376615107
AUS,2014,0.020348059922257706
AUS,2015,0.0205597910279332
AUS,2016,0.020637447131068166
AUS,2017,0.02048374353793549
AUS,2018,0.022790879682221498
AUT,1996,0.02025262073477774
AUT,1998,0.02054264155482743
AUT,2000,0.020303997295744086
AUT,2002,0.02025262073477774
AUT,2003,0.02025262073477774
AUT,2004,0.020667857527530347
AUT,2005,0.02025262073477774
AUT,2006,0.02025262073477774
AUT,2007,0.020435600729692496
AUT,2008,0.02025262073477774
AUT,2009,0.02025262073477774
AUT,2010,0.020309737558751373
AUT,2011,0.020561090013470115
AUT,2012,0.02054264155482743
AUT,2013,0.02025262073477774
AUT,2014,0.02025262073477774
AUT,2015,0.02025262073477774
AUT,2016,0.02043257718474802
AUT,2017,0.02025262073477774
AUT,2018,0.02025262073477774
AZE,1996,0.03824840264576385
AZE,1998,0.035150666202660726
AZE,2000,0.031601178750448385
AZE,2002,0.0217638076329974
AZE,2003,0.022205471595503224
AZE,2004,0.020974793242893326
AZE,2005,0.03587168984200712
AZE,2006,0.03219447186668283
AZE,2007,0.029007338505486088
AZE,2008,0.04127846406832265
AZE,2009,0.03267767140639312
AZE,2010,0.04191516279653459
AZE,2011,0.025001767398047586
AZE,2012,0.026313682281804116
AZE,2013,0.022394892437794512
AZE,2014,0.026336185560947422
AZE,2015,0.021653201107761977
AZE,2016,0.02249683667705915
AZE,2017,0.021075848546560322
AZE,2018,0.02036041931071039
BDI,1996,0.035825400248491124
BDI,1998,0.037216453811881794
BDI,2000,0.3282448218772501
BDI,2005,0.03094360368696725
BDI,2006,0.02554570322594703
BDI,2007,0.02652632644306356
BDI,2008,0.028878622256077253
BDI,2009,0.027111359866692747
BDI,2010,0.024885435970212533
BDI,2011,0.02551393016823068
BDI,2012,0.03531755112291477
BDI,2013,0.03905324217053728
BDI,2014,0.5208396081063533
BDI,2015,0.040270584109868
BDI,2016,0.04081115604291403
BDI,2017,0.03146750211748952
BDI,2018,0.03954164472204799
BEL,1996,0.020303997295744086
BEL,1998,0.022246357970553743
BEL,2000,0.020443360779740242
BEL,2002,0.02030282566761635
BEL,2003,0.02025262073477774
BEL,2004,0.02025262073477774
BEL,2005,0.02025262073477774
BEL,2006,0.02025262073477774
BEL,2007,0.02025262073477774
BEL,2008,0.02025262073477774
BEL,2009,0.02025262073477774
BEL,2010,0.020754733388345936
BEL,2011,0.02025262073477774
BEL,2012,0.02025262073477774
BEL,2013,0.02025262073477774
BEL,2014,0.02025262073477774
BEL,2015,0.02025262073477774
BEL,2016,0.02152124525927068
BEL,2017,0.02025262073477774
BEL,2018,0.022760139912682914
BEN,1996,0.022938768775209253
BEN,1998,0.03151271035437055
BEN,2000,0.023187759319755644
BEN,2002,0.02250243561388118
BEN,2003,0.021104574010577498
BEN,2004,0.02322846278071404
BEN,2005,0.02275360833066915
BEN,2006,0.0222899228439649
BEN,2007,0.021214636027165345
BEN,2008,0.02737182351354996
BEN,2009,0.02187187842276313
BEN,2010,0.02099924532562367
BEN,2011,0.02592918791907493
BEN,2012,0.02406119483376229
BEN,2013,0.02079439145907473
BEN,2014,0.02218932949851891
BEN,2015,0.021727764591822563
BEN,2016,0.02147983035305248
BEN,2017,0.021995517755774668
BEN,2018,0.020445144431847712
BFA,1996,0.024453417358326946
BFA,1998,0.028947795138204002
BFA,2000,0.024035292252094453
BFA,2002,0.02025262073477774
BFA,2003,0.020851110833519804
BFA,2004,0.021201396043719317
BFA,2005,0.023413488750145473
BFA,2006,0.023612941425137795
BFA,2007,0.021192804464544256
BFA,2008,0.03099129701026074
BFA,2009,0.022502713785628268
BFA,2010,0.0232717000097567
BFA,2011,0.02438530705425061
BFA,2012,0.022909287458097508
BFA,2013,0.044076033964190804
BFA,2014,0.3497088411455787
BFA,2015,0.046276987023504856
BFA,2016,0.022627048265468724
BFA,2017,0.022725235641078232
BFA,2018,0.02360270727389503
BGD,1996,0.022942965613633747
BGD,1998,0.02338650896772973
BGD,2000,0.02320066636257473
BGD,2002,0.025303478494628325
BGD,2003,0.03183944887894508
BGD,2004,0.02880639954338035
BGD,2005,0.035765312687255045
BGD,2006,0.254629771478736
BGD,2007,0.045211590130543246
BGD,2008,0.3467652299472695
BGD,2009,0.03715000409137468
BGD,2010,0.025220919903320663
BGD,2011,0.04444999638418018
BGD,2012,0.03882297875467213
BGD,2013,0.33988183031176494
BGD,2014,0.025527580221445106
BGD,2015,0.026220274718326667
BGD,2016,0.027948112291818244
BGD,2017,0.029219919817835976
BGD,2018,0.022446922726672813
BGR,1996,0.025917780100250337
BGR,1998,0.02479352817098636
BGR,2000,0.02703615764242225
BGR,2002,0.02076980207829388
BGR,2003,0.020824224717164136
BGR,2004,0.024383885736913493
BGR,2005,0.02122360080489934
BGR,2006,0.021016651112717808
BGR,2007,0.022766968796160924
BGR,2008,0.02068945378442877
BGR,2009,0.02064352819413849
BGR,2010,0.02117613701060869
BGR,2011,0.02186374997198549
BGR,2012,0.020375553412349416
BGR,2013,0.02058566746047643
BGR,2014,0.02025262073477774
BGR,2015,0.021265499375110217
BGR,2016,0.021067483074052467
BGR,2017,0.02135199279321316
BGR,2018,0.021899409277404146
BHR,1996,0.021663654723781196
BHR,1998,0.022152792173284346
BHR,2000,0.022703378333059854
BHR,2002,0.0227684552375817
BHR,2003,0.023738489430901854
BHR,2004,0.0236948887566113
BHR,2005,0.02105536827069328
BHR,2006,0.02082320958183125
BHR,2007,0.026076581262620857
BHR,2008,0.023510758544145905
BHR,2009,0.023056664641070163
BHR,2010,0.022950588847268315
BHR,2011,0.021900688061091033
BHR,2012,0.021062075852481783
BHR,2013,0.022568558621884786
BHR,2014,0.020948863395380324
BHR,2015,0.021046884947672678
BHR,2016,0.02632858184838138
BHR,2017,0.027280210561639404
BHR,2018,0.023218189404766294
BLR,1996,0.030645115914819845
BLR,1998,0.022830555702116895
BLR,2000,0.02216480272583264
BLR,2002,0.021297758127493585
BLR,2003,0.022183365178447965
BLR,2004,0.021713806738550414
BLR,2005,0.023511653714329967
BLR,2006,0.02234769178534134
BLR,2007,0.02185080015396222
BLR,2008,0.022166692647763536
BLR,2009,0.020844574582300397
BLR,2010,0.020995012015110795
BLR,2011,0.021977478535712705
BLR,2012,0.022197911048037516
BLR,2013,0.021560360561946882
BLR,2014,0.02237627228483008
BLR,2015,0.021664282187741832
BLR,2016,0.02172649312890178
BLR,2017,0.021777506854901933
BLR,2018,0.022022030605400093
BOL,1996,0.021677790690371304
BOL,1998,0.02410845733286406
BOL,2000,0.022127707234885174
BOL,2002,0.02081147639304794
BOL,2003,0.021690252477012242
BOL,2004,0.02233441480945895
BOL,2005,0.020632554733709563
BOL,2006,0.022069780238116607
BOL,2007,0.02110982401627959
BOL,2008,0.023011980093002926
BOL,2009,0.024538855028541983
BOL,2010,0.022222700172959537
BOL,2011,0.021507163449282565
BOL,2012,0.02198283559962788
BOL,2013,0.026645181720440846
BOL,2014,0.02256152437142489
BOL,2015,0.02747596130784594
BOL,2016,0.024000834465724208
BOL,2017,0.021516499653774546
BOL,2018,0.020753197782301194
BRA,1996,0.022277910717052134
BRA,1998,0.022344945157019833
BRA,2000,0.020774173821492114
BRA,2002,0.02110191414029712
BRA,2003,0.022242853668800824
BRA,2004,0.021922126647828517
BRA,2005,0.02185177251425395
BRA,2006,0.02084441620924461
BRA,2007,0.02077555151944083
BRA,2008,0.023416581765286992
BRA,2009,0.022360462638410943
BRA,2010,0.024943089188115927
BRA,2011,0.02183847990108072
BRA,2012,0.021491235368476306
BRA,2013,0.021962423806587254
BRA,2014,0.020601993064341042
BRA,2015,0.024417912037955115
BRA,2016,0.0297037866989343
BRA,2017,0.023454455256380884
BRA,2018,0.02192000327779864
BTN,1996,0.03176153616742804
BTN,1998,0.031842552440944305
BTN,2000,0.031291719803983674
BTN,2002,0.031998801044221946
BTN,2003,0.03209105609766614
BTN,2004,0.343090577361373
BTN,2005,0.07056483577936011
BTN,2006,0.02983470337318474
BTN,2007,0.3506148507819851
BTN,2008,0.02987619873840494
BTN,2009,0.02783630628660616
BTN,2010,0.044155083679348804
BTN,2011,0.029077725459733195
BTN,2012,0.0223473028783326
BTN,2013,0.026006704507393008
BTN,2014,0.034573928483341634
BTN,2015,0.03155348344275649
BTN,2016,0.05230954380809768
BTN,2017,0.023215046730089884
BTN,2018,0.02411736022882934
BWA,1996,0.021176908133212578
BWA,1998,0.02197676877641022
BWA,2000,0.022556631489530077
BWA,2002,0.02068501398642434
BWA,2003,0.025166031757653085
BWA,2004,0.03039575017906798
BWA,2005,0.02771804457038593
BWA,2006,0.023837500839976638
BWA,2007,0.022942414501893715
BWA,2008,0.023314841931592306
BWA,2009,0.02658993147094246
BWA,2010,0.022196909008923307
BWA,2011,0.022228601354771355
BWA,2012,0.02025262073477774
BWA,2013,0.021555880002548693
BWA,2014,0.021434292940896733
BWA,2015,0.02040774153264937
BWA,2016,0.02148319371980265
BWA,2017,0.022843899930900535
BWA,2018,0.02187201786888075
CAF,1996,0.02617624141611186
CAF,1998,0.028575606222715766
CAF,2000,0.028478416971138797
CAF,2002,0.47686170543744316
CAF,2003,0.036533337665229405
CAF,2004,0.06140365187891338
CAF,2005,0.02952232712397701
CAF,2006,0.03239879964224337
CAF,2007,0.027030135241397923
CAF,2008,0.03018075048413756
CAF,2009,0.02735328009901485
CAF,2010,0.03504525064088275
CAF,2011,0.03543142273373235
CAF,2012,0.45581860776016164
CAF,2016,0.09241219307138741
CAF,2017,0.04156933673549321
CAF,2018,0.024795432939198947
CAN,1996,0.02025262073477774
CAN,1998,0.02025262073477774
CAN,2000,0.02179931937827499
CAN,2002,0.02048232633319654
CAN,2003,0.021187480427685295
CAN,2004,0.02025262073477774
CAN,2005,0.02025262073477774
CAN,2006,0.02025262073477774
CAN,2007,0.020436245092980802
CAN,2008,0.021241383874278593
CAN,2009,0.021964122797199115
CAN,2010,0.021089757334204772
CAN,2011,0.020454463557410006
CAN,2012,0.02072200127606447
CAN,2013,0.02061820683744375
CAN,2014,0.02025262073477774
CAN,2015,0.020561090013470115
CAN,2016,0.020422943521083443
CAN,2017,0.022028891020862848
CAN,2018,0.020561090013470115
CHE,1996,0.02054264155482743
CHE,1998,0.02025262073477774
CHE,2000,0.021295907259480107
CHE,2002,0.020353507374088798
CHE,2003,0.02167235208598525
CHE,2004,0.026055018429618215
CHE,2005,0.021011951206727095
CHE,2006,0.02090166165953709
CHE,2007,0.020497574919437416
CHE,2008,0.02076914350368445
CHE,2009,0.02119261455471186
CHE,2010,0.020353507374088798
CHE,2011,0.020353507374088798
CHE,2012,0.020353507374088798
CHE,2013,0.020353507374088798
CHE,2014,0.020512976871836678
CHE,2015,0.020564974843449855
CHE,2016,0.021095177421091644
CHE,2017,0.021187199388659175
CHE,2018,0.020991412470421775
CHL,1996,0.022864101603491033
CHL,1998,0.02040467023006157
CHL,2000,0.021259519875934062
CHL,2002,0.02025262073477774
CHL,2003,0.020543541690758112
CHL,2004,0.020671056323002823
CHL,2005,0.02035570355922202
CHL,2006,0.020637447131068166
CHL,2007,0.02031292372752626
CHL,2008,0.02049798997803752
CHL,2009,0.020271848435103903
CHL,2010,0.021029632362342055
CHL,2011,0.02025262073477774
CHL,2012,0.02025262073477774
CHL,2013,0.020806329743186594
CHL,2014,0.020887528307798057
CHL,2015,0.02054264155482743
CHL,2016,0.02111018077535008
CHL,2017,0.021444968914491505
CHL,2018,0.02040774153264937
CHN,1996,0.02236531426573984
CHN,1998,0.02362625090397732
CHN,2000,0.020939052739407188
CHN,2002,0.021920078396899745
CHN,2003,0.021703003489004034
CHN,2004,0.022809510627371594
CHN,2005,0.02380549160842337
CHN,2006,0.021237069644164552
CHN,2007,0.02262199754913821
CHN,2008,0.029829149171413116
CHN,2009,0.03201468823901963
CHN,2010,0.02230572475697708
CHN,2011,0.021977963733062822
CHN,2012,0.021262083260748285
CHN,2013,0.02072200127606447
CHN,2014,0.020384293858422
CHN,2015,0.03021092654606558
CHN,2016,0.021133476792427164
CHN,2017,0.023189942834852165
CHN,2018,0.021127262432917477
CIV,1996,0.03315702749467142
CIV,1998,0.35672065358778915
CIV,2000,0.023635219844670097
CIV,2011,0.024712701942598957
CIV,2012,0.021775617285324785
CIV,2013,0.02150674953949991
CIV,2014,0.021944011223391482
CIV,2015,0.021746058337796147
CIV,2016,0.022670068694918482
CIV,2017,0.03412476988498952
CIV,2018,0.021211423289289363
CMR,1996,0.028274836965429442
CMR,1998,0.036861759352142386
CMR,2000,0.022612488365159066
CMR,2002,0.022119799874737455
CMR,2003,0.023340304450637478
CMR,2004,0.025378306632887024
CMR,2005,0.021716112123201
CMR,2006,0.02420824807539064
CMR,2007,0.024220121002769854
CMR,2008,0.025198176941265204
CMR,2009,0.024877889164053552
CMR,2010,0.024334293804002666
CMR,2011,0.02375174088134018
CMR,2012,0.033759440786573
CMR,2013,0.023121559409700666
CMR,2014,0.022630388837761032
CMR,2015,0.02118727564065863
CMR,2016,0.02138812940176967
CMR,2017,0.02323831098196995
CMR,2018,0.02188841277629538
COG,1996,0.5436586825777808
COG,1998,0.12921773954564789
COG,2000,0.02842716572636575
COG,2002,0.030449505834069593
COG,2003,0.02702569536000876
COG,2004,0.03311397704550628
COG,2005,0.02303881673849975
COG,2006,0.02177694597413042
COG,2007,0.021805624400578556
COG,2008,0.024166272699512742
COG,2009,0.030080366334643904
COG,2010,0.025895145133478497
COG,2011,0.02319418701413629
COG,2012,0.025761338013719052
COG,2013,0.022437912231486074
COG,2014,0.022896820151027678
COG,2015,0.023896315517907316
COG,2016,0.028323113093263463
COG,2017,0.024754433342323218
COG,2018,0.02280456918533014
COL,1996,0.03953833672605924
COL,1998,0.03113600324395181
COL,2000,0.03544941076465649
COL,2002,0.023459414315293265
COL,2003,0.023698788373901394
COL,2004,0.02622026709915117
COL,2005,0.023531120518815812
COL,2006,0.021232942714843
COL,2007,0.021244795548388002
COL,2008,0.022850819407910245
COL,2009,0.021152470044602675
COL,2010,0.021515232122055968
COL,2011,0.02385617418418591
COL,2012,0.02059401811579378
COL,2013,0.02155342796217327
COL,2014,0.020561090013470115
COL,2015,0.024660849018479727
COL,2016,0.022520810241255754
COL,2017,0.020443171819354827
COL,2018,0.02058114314412069
COM,1996,0.08476200156887397
COM,1998,0.2614315403245963
COM,2000,0.053269896840733334
COM,2002,0.03270627652904427
COM,2003,0.03267508208500601
COM,2004,0.041155011631557104
COM,2005,0.04034635233507876
COM,2006,0.032175684790624964
COM,2007,0.03328421388802399
COM,2008,0.02591180020127351
COM,2009,0.025364691377234443
COM,2010,0.02368642446301592
COM,2011,0.023828333331226196
COM,2012,0.024879690721809775
COM,2013,0.029979989020830006
COM,2014,0.028895183764916232
COM,2015,0.048203711832224334
COM,2016,0.03469232180833128
COM,2017,0.32574393593696843
COM,2018,0.03135681657575187
CPV,1996,0.03644380777179061
CPV,1998,0.03224760753831125
CPV,2000,0.029215745712764852
CPV,2002,0.02299819372299655
CPV,2003,0.02348808094618644
CPV,2004,0.027595451118093806
CPV,2005,0.02913177530874911
CPV,2006,0.024716303032921497
CPV,2007,0.027680657528738065
CPV,2008,0.021845979228828277
CPV,2009,0.021600735653022923
CPV,2010,0.02106206423525539
CPV,2011,0.021948372266343302
CPV,2012,0.021215707432692982
CPV,2013,0.021072282838800027
CPV,2014,0.022476082823441976
CPV,2015,0.024087832364608607
CPV,2016,0.021364543520149683
CPV,2017,0.020761822799138522
CPV,2018,0.020767909388397395
CRI,1996,0.020523444404662448
CRI,1998,0.023747150282842702
CRI,2000,0.020964716662477043
CRI,2002,0.02035570355922202
CRI,2003,0.020329809089456728
CRI,2004,0.021423286326420894
CRI,2005,0.020291122324070997
CRI,2006,0.02025262073477774
CRI,2007,0.02034132725690961
CRI,2008,0.022679508588495337
CRI,2009,0.02088909512872028
CRI,2010,0.020319666379596424
CRI,2011,0.021250730323712542
CRI,2012,0.02025262073477774
CRI,2013,0.02025262073477774
CRI,2014,0.02025262073477774
CRI,2015,0.02025262073477774
CRI,2016,0.02025262073477774
CRI,2017,0.021200773522143456
CRI,2018,0.02025262073477774
CUB,1996,0.021087679681484214
CUB,1998,0.021742583174360692
CUB,2000,0.02090831858017282
CUB,2002,0.02044472850360882
CUB,2003,0.020425248276936696
CUB,2004,0.020799775305250612
CUB,2005,0.020796224881969038
CUB,2006,0.02111348468621534
CUB,2007,0.020283407219110944
CUB,2008,0.021277465445767096
CUB,2009,0.0206382783681491
CUB,2010,0.020996050261194128
CUB,2011,0.02040774153264937
CUB,2012,0.02025262073477774
CUB,2013,0.02025262073477774
CUB,2014,0.02032408545501719
CUB,2015,0.02025262073477774
CUB,2016,0.020619829909506417
CUB,2017,0.02068945378442877
CUB,2018,0.02025262073477774
CYP,1996,0.02206146544930346
CYP,1998,0.02057284244317018
CYP,2000,0.02054264155482743
CYP,2002,0.02054264155482743
CYP,2003,0.02098661059951661
CYP,2004,0.02054264155482743
CYP,2005,0.02025262073477774
CYP,2006,0.02025262073477774
CYP,2007,0.02025262073477774
CYP,2008,0.02031292372752626
CYP,2009,0.02025262073477774
CYP,2010,0.02025262073477774
CYP,2011,0.02025262073477774
CYP,2012,0.020713700590278866
CYP,2013,0.02177685212736742
CYP,2014,0.02025262073477774
CYP,2015,0.02050845708032272
CYP,2016,0.02025262073477774
CYP,2017,0.02054264155482743
CYP,2018,0.02025262073477774
CZE,1996,0.020919624719179502
CZE,1998,0.022022545957020412
CZE,2000,0.020844763578574663
CZE,2002,0.020851110833519804
CZE,2003,0.020947045769676903
CZE,2004,0.02031292372752626
CZE,2005,0.020725451863284727
CZE,2006,0.02025262073477774
CZE,2007,0.02025262073477774
CZE,2008,0.020969498924463675
CZE,2009,0.020430433466738566
CZE,2010,0.02040467023006157
CZE,2011,0.020291122324070997
CZE,2012,0.020500109417541535
CZE,2013,0.02025262073477774
CZE,2014,0.020577207944265492
CZE,2015,0.02025262073477774
CZE,2016,0.02025262073477774
CZE,2017,0.02040774153264937
CZE,2018,0.020526050258699625
DEU,1996,0.02074582239909342
DEU,1998,0.020309737558751373
DEU,2000,0.02025262073477774
DEU,2002,0.02025262073477774
DEU,2003,0.02025262073477774
DEU,2004,0.02025262073477774
DEU,2005,0.02025262073477774
DEU,2006,0.02025262073477774
DEU,2007,0.02025262073477774
DEU,2008,0.02025262073477774
DEU,2009,0.02025262073477774
DEU,2010,0.020309737558751373
DEU,2011,0.02025262073477774
DEU,2012,0.02077337783703082
DEU,2013,0.020561090013470115
DEU,2014,0.02025262073477774
DEU,2015,0.02025262073477774
DEU,2016,0.02025262073477774
DEU,2017,0.02025262073477774
DEU,2018,0.020561090013470115
DJI,1996,0.0244608946694849
DJI,1998,0.027849138803231272
DJI,2000,0.02708541965256012
DJI,2002,0.021508972629991786
DJI,2003,0.021443365043010577
DJI,2004,0.026881159833805148
DJI,2005,0.024032133051406352
DJI,2006,0.021858331712955214
DJI,2007,0.021035912040443795
DJI,2008,0.03810992404723983
DJI,2009,0.027592092151915566
DJI,2010,0.023463771195034358
DJI,2011,0.02227588657259164
DJI,2012,0.02241939589026164
DJI,2013,0.02378658765475657
DJI,2014,0.02193027809733093
DJI,2015,0.021973786320464938
DJI,2016,0.02356666322391923
DJI,2017,0.021369273861256265
DJI,2018,0.022381485934287487
DNK,1996,0.02025262073477774
DNK,1998,0.020438797780279665
DNK,2000,0.02078767553158119
DNK,2002,0.020450745243600865
DNK,2003,0.020887528307798057
DNK,2004,0.02054264155482743
DNK,2005,0.02025262073477774
DNK,2006,0.020353507374088798
DNK,2007,0.02025262073477774
DNK,2008,0.02025262073477774
DNK,2009,0.02025262073477774
DNK,2010,0.020561090013470115
DNK,2011,0.02025262073477774
DNK,2012,0.020742262195683817
DNK,2013,0.020887528307798057
DNK,2014,0.020561090013470115
DNK,2015,0.02025262073477774
DNK,2016,0.0203739145322416
DNK,2017,0.02025262073477774
DNK,2018,0.02025262073477774
DOM,1996,0.02055184398360976
DOM,1998,0.021006231631391436
DOM,2000,0.022229492977349954
DOM,2002,0.020917226881922324
DOM,2003,0.026333960760075607
DOM,2004,0.024200576465180184
DOM,2005,0.027347478413390358
DOM,2006,0.02130019346811216
DOM,2007,0.020729145196664796
DOM,2008,0.02186000130625826
DOM,2009,0.021899459972321372
DOM,2010,0.02099077290655715
DOM,2011,0.021269781278587956
DOM,2012,0.020667857527530347
DOM,2013,0.02094311145766251
DOM,2014,0.02047342795497432
DOM,2015,0.020686047640532543
DOM,2016,0.020884756745000996
DOM,2017,0.020331875255184963
DOM,2018,0.020293373665891703
DZA,1996,0.04444846468370859
DZA,1998,0.054834570609185736
DZA,2000,0.039922776161138394
DZA,2002,0.02434799740456763
DZA,2003,0.2860047864097255
DZA,2004,0.03396360808258674
DZA,2005,0.02615566329935046
DZA,2006,0.02503482461290737
DZA,2007,0.021898113550379045
DZA,2008,0.03170694201007406
DZA,2009,0.026414415998176444
DZA,2010,0.026486849314480653
DZA,2011,0.02488977664182194
DZA,2012,0.024399585645417745
DZA,2013,0.025284814662083283
DZA,2014,0.02343540443811461
DZA,2015,0.025435743400857524
DZA,2016,0.03360933457853199
DZA,2017,0.031111301417545766
DZA,2018,0.02937815146427425
ECU,1996,0.020634688444301993
ECU,1998,0.02025262073477774
ECU,2000,0.02306592928583227
ECU,2002,0.02468265113995603
ECU,2003,0.020970882422751958
ECU,2004,0.020621853257114738
ECU,2005,0.020594415161126558
ECU,2006,0.020456318648619107
ECU,2007,0.02025262073477774
ECU,2008,0.02436663679253115
ECU,2009,0.021113985822181325
ECU,2010,0.021965177686517175
ECU,2011,0.020849343081750613
ECU,2012,0.02125332325264628
ECU,2013,0.021052084655877226
ECU,2014,0.0204233696325419
ECU,2015,0.020348059922257706
ECU,2016,0.02040467023006157
ECU,2017,0.02025262073477774
ECU,2018,0.02025262073477774
EGY,1996,0.0224713096258228
EGY,1998,0.024764844474244502
EGY,2000,0.023195026462678747
EGY,2002,0.02591819952280229
EGY,2003,0.025421997142089637
EGY,2004,0.3574849301233209
EGY,2005,0.021826495852227207
EGY,2006,0.021566318392269804
EGY,2007,0.040154374533301375
EGY,2008,0.023932565886546787
EGY,2009,0.022983993369198933
EGY,2010,0.02216286243411439
EGY,2011,0.4540259987127288
EGY,2013,0.02571870564927547
EGY,2014,0.033364133232773104
EGY,2015,0.023070615335243336
EGY,2016,0.021413437706915363
EGY,2017,0.02834879486036997
EGY,2018,0.026687666513560606
ERI,1996,0.030567146860121474
ERI,1998,0.03374549481452343
ERI,2000,0.039330746126329454
ERI,2002,0.021600131442490896
ERI,2003,0.0236878839801855
ERI,2004,0.022086190910254603
ERI,2005,0.023023319887483306
ERI,2006,0.022522898123557403
ERI,2007,0.020787165108736242
ERI,2008,0.02430957640995385
ERI,2009,0.022640240806894325
ERI,2010,0.024796114289285864
ERI,2011,0.024734115284859692
ERI,2012,0.020615020255772897
ERI,2013,0.02103923919964758
ERI,2014,0.021188770018285553
ERI,2015,0.02206836445980503
ERI,2016,0.023129025635445572
ERI,2017,0.020826548512775666
ERI,2018,0.020880388776817846
ESP,1996,0.020722314282939216
ESP,1998,0.02126964772904597
ESP,2000,0.02054264155482743
ESP,2002,0.020663935352291295
ESP,2003,0.02042529109320795
ESP,2004,0.020561090013470115
ESP,2005,0.02025262073477774
ESP,2006,0.020329809089456728
ESP,2007,0.02025262073477774
ESP,2008,0.020641351865871353
ESP,2009,0.02050862817196043
ESP,2010,0.020552452423520714
ESP,2011,0.020295624445729233
ESP,2012,0.02025262073477774
ESP,2013,0.020716210811341743
ESP,2014,0.02025262073477774
ESP,2015,0.02051482549997969
ESP,2016,0.02040774153264937
ESP,2017,0.02032408545501719
ESP,2018,0.02040774153264937
EST,1996,0.020697762352699062
EST,1998,0.021378926881028517
EST,2000,0.023338343681069476
EST,2002,0.02065297465253321
EST,2003,0.02355480100967435
EST,2004,0.021838449737475788
EST,2005,0.020487550290712198
EST,2006,0.021512079140639587
EST,2007,0.02125097056216164
EST,2008,0.022484225990566053
EST,2009,0.022080403759790725
EST,2010,0.025911370595693307
EST,2011,0.02123233869575389
EST,2012,0.02025262073477774
EST,2013,0.0206382783681491
EST,2014,0.02048374353793549
EST,2015,0.02048374353793549
EST,2016,0.020739322247769795
EST,2017,0.020883688502359502
EST,2018,0.021139998122889022
ETH,1996,0.03995702065579402
ETH,1998,0.0304025920391383
ETH,2000,0.0675715555994338
ETH,2002,0.027961750403342405
ETH,2003,0.02623973678114196
ETH,2004,0.32038962775224206
ETH,2005,0.025529233010920957
ETH,2006,0.03741991610035878
ETH,2007,0.026480116917458798
ETH,2008,0.041793691133652826
ETH,2009,0.024480653988832295
ETH,2010,0.024210836540839036
ETH,2011,0.028371827190700537
ETH,2012,0.03001843508621219
ETH,2013,0.03260756096920639
ETH,2014,0.03597364320291435
ETH,2015,0.05582390935592411
ETH,2016,0.035170203342417765
ETH,2017,0.433244346084388
ETH,2018,0.02849888495122126
FIN,1996,0.020573428039160634
FIN,1998,0.020303997295744086
FIN,2000,0.02025262073477774
FIN,2002,0.02040774153264937
FIN,2003,0.02040774153264937
FIN,2004,0.020303997295744086
FIN,2005,0.02025262073477774
FIN,2006,0.02025262073477774
FIN,2007,0.02054264155482743
FIN,2008,0.02025262073477774
FIN,2009,0.020697762352699062
FIN,2010,0.02025262073477774
FIN,2011,0.02040774153264937
FIN,2012,0.02025262073477774
FIN,2013,0.020851110833519804
FIN,2014,0.02025262073477774
FIN,2015,0.02025262073477774
FIN,2016,0.02025262073477774
FIN,2017,0.02025262073477774
FIN,2018,0.02025262073477774
FJI,1996,0.024696748048337824
FJI,1998,0.023245926320722626
FJI,2002,0.02038986244825542
FJI,2003,0.0237119792822026
FJI,2004,0.025228916551625027
FJI,2005,0.20267737548897957
FJI,2006,0.021035315079707056
FJI,2007,0.020956414922363775
FJI,2008,0.021339615127207102
FJI,2009,0.020833887102845467
FJI,2010,0.02054264155482743
FJI,2011,0.02031431210815583
FJI,2012,0.02072200127606447
FJI,2013,0.02025262073477774
FJI,2014,0.02074695833136328
FJI,2015,0.020565865949123137
FJI,2016,0.02040774153264937
FJI,2017,0.021157118897070355
FJI,2018,0.02025262073477774
FRA,1996,0.023953836736691103
FRA,1998,0.020425248276936696
FRA,2000,0.02025262073477774
FRA,2002,0.02054264155482743
FRA,2003,0.02025262073477774
FRA,2004,0.02025262073477774
FRA,2005,0.02025262073477774
FRA,2006,0.02025262073477774
FRA,2007,0.02025262073477774
FRA,2008,0.02025262073477774
FRA,2009,0.02025262073477774
FRA,2010,0.02025262073477774
FRA,2011,0.020303997295744086
FRA,2012,0.02025262073477774
FRA,2013,0.02025262073477774
FRA,2014,0.02040774153264937
FRA,2015,0.021989885652572438
FRA,2016,0.0203739145322416
FRA,2017,0.022591369352588524
FRA,2018,0.022514145637227492
GAB,1996,0.026402099076981003
GAB,1998,0.023447817386579584
GAB,2000,0.022464240265750977
GAB,2002,0.02048642486678448
GAB,2003,0.02043257718474802
GAB,2004,0.023025139426537587
GAB,2005,0.025533454797477605
GAB,2006,0.02233637199367966
GAB,2007,0.02745923263160231
GAB,2008,0.41888237303738834
GAB,2009,0.030915027577506842
GAB,2010,0.04009637556703959
GAB,2011,0.02322626783550209
GAB,2012,0.023363690374313
GAB,2013,0.021498163765172107
GAB,2014,0.023831558917993902
GAB,2015,0.022218084830725682
GAB,2016,0.02525250106202227
GAB,2017,0.025114695198966395
GAB,2018,0.02123746890973822
GBR,1996,0.021542733215274945
GBR,1998,0.025894535349324965
GBR,2000,0.020877288935675687
GBR,2002,0.020784592996407277
GBR,2003,0.02066231937179381
GBR,2004,0.021071252647613604
GBR,2005,0.020778235143980837
GBR,2006,0.020778235143980837
GBR,2007,0.021761614781285032
GBR,2008,0.021628618370173436
GBR,2009,0.021768823823233863
GBR,2010,0.020853264352490283
GBR,2011,0.020971458906494364
GBR,2012,0.020454463557410006
GBR,2013,0.02041062419806243
GBR,2014,0.021151326350276386
GBR,2015,0.02025262073477774
GBR,2016,0.022101663024362766
GBR,2017,0.02032408545501719
GBR,2018,0.0203542022285827
GEO,1996,0.08731631140918909
GEO,1998,0.024123467691805775
GEO,2000,0.022265905555600585
GEO,2002,0.030162771466200503
GEO,2003,0.23239270734495224
GEO,2004,0.027367674188186867
GEO,2005,0.030107135375694715
GEO,2006,0.025491821307973783
GEO,2007,0.02818853301172695
GEO,2008,0.05315618701082624
GEO,2009,0.02784955572106027
GEO,2010,0.024754190659258758
GEO,2011,0.022520719384712683
GEO,2012,0.02348899801682364
GEO,2013,0.0249539781992363
GEO,2014,0.02158249203445749
GEO,2015,0.02025262073477774
GEO,2016,0.020592069512890724
GEO,2017,0.02194291557523396
GEO,2018,0.022439991617676337
GHA,1996,0.025743696888824604
GHA,1998,0.02810885423784994
GHA,2000,0.2568538758296514
GHA,2002,0.0307022233327184
GHA,2003,0.033740641859411044
GHA,2004,0.025862543041367037
GHA,2005,0.02673661951195695
GHA,2006,0.026739360783387022
GHA,2007,0.023037293497277362
GHA,2008,0.023441959976346533
GHA,2009,0.02258630760861192
GHA,2010,0.023088046555736774
GHA,2011,0.024979116042047732
GHA,2012,0.023669115066828852
GHA,2013,0.03404314714278012
GHA,2014,0.028996593792332475
GHA,2015,0.022205001874181354
GHA,2016,0.02356949637147385
GHA,2017,0.022736110446954113
GHA,2018,0.021919771968136385
GIN,1996,0.021360579793171658
GIN,1998,0.021844326601984144
GIN,2000,0.02240066068068051
GIN,2002,0.020592069512890724
GIN,2003,0.021984509999465624
GIN,2004,0.021531314954471165
GIN,2005,0.02242884368418484
GIN,2006,0.02216899265258473
GIN,2007,0.02260363485765265
GIN,2008,0.022285239038540475
GIN,2009,0.32220112909458276
GIN,2010,0.021674851564461885
GIN,2011,0.02159188681701334
GIN,2012,0.4250834457130083
GIN,2013,0.025329261806396997
GIN,2014,0.026536712851617267
GIN,2015,0.024008648124388687
GIN,2016,0.025809030679331144
GIN,2017,0.024045822011639083
GIN,2018,0.023602336348378963
GMB,1996,0.025078399717304578
GMB,1998,0.028709291696813282
GMB,2000,0.02446484759446467
GMB,2002,0.04224369133150609
GMB,2003,0.028328819016230564
GMB,2004,0.037147332325090016
GMB,2005,0.028447079338450598
GMB,2006,0.021845586346168983
GMB,2007,0.02548895609399757
GMB,2008,0.023902254219039163
GMB,2009,0.022929608570026364
GMB,2010,0.022520461320756816
GMB,2011,0.02936116693048579
GMB,2012,0.022647872835032504
GMB,2013,0.02205130877442805
GMB,2014,0.028264135040571518
GMB,2015,0.03262066792121176
GMB,2016,0.3843041926205761
GMB,2017,0.03163252352946159
GMB,2018,0.022996651299329002
GNB,1996,0.18887644229522607
GNB,2000,0.19600590984958133
GNB,2002,0.33384378496346884
GNB,2003,0.17183343022716444
GNB,2004,0.32024617909075864
GNB,2005,0.035516451872454446
GNB,2006,0.06368213911705983
GNB,2007,0.03642873406473427
GNB,2008,0.0345091670871368
GNB,2009,0.06666863225347192
GNB,2010,0.03187983386201452
GNB,2011,0.0333575094579212
GNB,2012,0.05467495585268906
GNB,2013,0.289958417941203
GNB,2014,0.028177498154113478
GNB,2015,0.02878198678733433
GNB,2016,0.027254239359629822
GNB,2017,0.029511279148551308
GNB,2018,0.03023223746527152
GNQ,1996,0.04316866231867748
GNQ,1998,0.07169755888678989
GNQ,2000,0.028016379626806514
GNQ,2002,0.030711307032551854
GNQ,2003,0.03037597688877024
GNQ,2004,0.029062118228630706
GNQ,2005,0.02542041732706393
GNQ,2006,0.023630262684070202
GNQ,2007,0.025288777051661177
GNQ,2008,0.034889876081554944
GNQ,2009,0.026527730132414648
GNQ,2010,0.02610626785313643
GNQ,2011,0.02101984447881761
GNQ,2012,0.023301966467480822
GNQ,2013,0.022418391991192693
GNQ,2014,0.024029724369157887
GNQ,2015,0.03009272387687541
GNQ,2016,0.030672714077265992
GNQ,2017,0.03767857201805335
GNQ,2018,0.025313158228645747
GRC,1996,0.022074159057611408
GRC,1998,0.02232680347258192
GRC,2000,0.022411377252409614
GRC,2002,0.020982334276657046
GRC,2003,0.021146584109941056
GRC,2004,0.02202218253876918
GRC,2005,0.02025262073477774
GRC,2006,0.0210807410187145
GRC,2007,0.02104135365455453
GRC,2008,0.02025262073477774
GRC,2009,0.02025262073477774
GRC,2010,0.02121336899744324
GRC,2011,0.022576265093605608
GRC,2012,0.02195997867549269
GRC,2013,0.02040774153264937
GRC,2014,0.020329809089456728
GRC,2015,0.020819450550362804
GRC,2016,0.020329809089456728
GRC,2017,0.02059401811579378
GRC,2018,0.020468369947315632
GTM,1996,0.02130674079491958
GTM,1998,0.02048605174954264
GTM,2000,0.02225529443250164
GTM,2002,0.021450499908895696
GTM,2003,0.020681345640691438
GTM,2004,0.02169228897566877
GTM,2005,0.02084235315308484
GTM,2006,0.02133498862424005
GTM,2007,0.020456318648619107
GTM,2008,0.020619829909506417
GTM,2009,0.02103317892037893
GTM,2010,0.021035850287068364
GTM,2011,0.0222382685123643
GTM,2012,0.02040774153264937
GTM,2013,0.02025262073477774
GTM,2014,0.020561090013470115
GTM,2015,0.020561090013470115
GTM,2016,0.02086245408877101
GTM,2017,0.021127744343158988
GTM,2018,0.02033897798169721
GUY,1996,0.029291118471594577
GUY,1998,0.02521635797021804
GUY,2000,0.02331918643546843
GUY,2002,0.02400352420342623
GUY,2003,0.023802665664632263
GUY,2004,0.02377405801928638
GUY,2005,0.02397062829089035
GUY,2006,0.023764731397292987
GUY,2007,0.02424744081902286
GUY,2008,0.023512323141522472
GUY,2009,0.021427052349320685
GUY,2010,0.021833044382235784
GUY,2011,0.02163169708965941
GUY,2012,0.023882695093906964
GUY,2013,0.023079844813083113
GUY,2014,0.02541522145094255
GUY,2015,0.0237479139530235
GUY,2016,0.023473969910923976
GUY,2017,0.0215492175009469
GUY,2018,0.025279365678336444
HND,1996,0.02660013605343879
HND,1998,0.022021523431710596
HND,2000,0.020470627800325485
HND,2002,0.020367294806948082
HND,2003,0.02167445528321259
HND,2004,0.023597328386636852
HND,2005,0.02072266438139457
HND,2006,0.020788023081156737
HND,2007,0.02084538235763724
HND,2008,0.02172709611773488
HND,2009,0.0219812766393107
HND,2010,0.02265957431732883
HND,2011,0.021522615954069093
HND,2012,0.021487016929816527
HND,2013,0.0233978274182704
HND,2014,0.021814325018183613
HND,2015,0.020777558783540123
HND,2016,0.020869882836216085
HND,2017,0.021486758387709054
HND,2018,0.02054264155482743
HRV,1996,0.02212288917936965
HRV,1998,0.34758572760483314
HRV,2000,0.02423014675301514
HRV,2002,0.020619251053153452
HRV,2003,0.02031292372752626
HRV,2004,0.02025262073477774
HRV,2005,0.02025262073477774
HRV,2006,0.02025262073477774
HRV,2007,0.02025262073477774
HRV,2008,0.02025262073477774
HRV,2009,0.020303997295744086
HRV,2010,0.02025262073477774
HRV,2011,0.02081037145395179
HRV,2012,0.020668805569530106
HRV,2013,0.02025262073477774
HRV,2014,0.020562374839724683
HRV,2015,0.02025262073477774
HRV,2016,0.02025262073477774
HRV,2017,0.020274599017483155
HRV,2018,0.02025262073477774
HTI,1996,0.027659133199148016
HTI,1998,0.25123237268491677
HTI,2000,0.05604265817718126
HTI,2002,0.05475397934567008
HTI,2003,0.5361417261167274
HTI,2006,0.039005761824509155
HTI,2007,0.026364431092867652
HTI,2008,0.03229852249427342
HTI,2009,0.028083632476594806
HTI,2017,0.03237994704689418
HTI,2018,0.026630534065751537
HUN,1996,0.02200687595095072
HUN,1998,0.021601969155680443
HUN,2000,0.021093909792472748
HUN,2002,0.021459483859095352
HUN,2003,0.020822978325401975
HUN,2004,0.021254466941098216
HUN,2005,0.020561090013470115
HUN,2006,0.02054264155482743
HUN,2007,0.021173406573195445
HUN,2008,0.0208771220739361
HUN,2009,0.020818646593172074
HUN,2010,0.020561090013470115
HUN,2011,0.02025262073477774
HUN,2012,0.02025262073477774
HUN,2013,0.02025262073477774
HUN,2014,0.02073158953106884
HUN,2015,0.02078006805833109
HUN,2016,0.02068054002129348
HUN,2017,0.02275141378858228
HUN,2018,0.0227728554446687
IDN,1996,0.021142168572758652
IDN,1998,0.03271050602449412
IDN,2000,0.020634682752135893
IDN,2002,0.022206359558336285
IDN,2003,0.021412630649919873
IDN,2004,0.02233302233959604
IDN,2005,0.023435433907974246
IDN,2006,0.022480391567554672
IDN,2007,0.020456318648619107
IDN,2008,0.0230127775780995
IDN,2009,0.02054264155482743
IDN,2010,0.02392791738035803
IDN,2011,0.020545615142919877
IDN,2012,0.02044472850360882
IDN,2013,0.02081063115708132
IDN,2014,0.020444375466700897
IDN,2015,0.020779097079017858
IDN,2016,0.020456318648619107
IDN,2017,0.021923179691165768
IDN,2018,0.021354777790591677
IND,1996,0.02137311198237489
IND,1998,0.022335995329475545
IND,2000,0.022112175702246033
IND,2002,0.022883252914933646
IND,2003,0.021919839872465156
IND,2004,0.02539671499489075
IND,2005,0.025448196299677622
IND,2006,0.026623791568297986
IND,2007,0.024288513062156823
IND,2008,0.024021637575778357
IND,2009,0.0256053265948082
IND,2010,0.027279016988324318
IND,2011,0.021824584934042154
IND,2012,0.02127332683490409
IND,2013,0.023036275769680054
IND,2014,0.022399890847660083
IND,2015,0.02100050678588078
IND,2016,0.024659226556099548
IND,2017,0.021891993096094766
IND,2018,0.022176851408781548
IRL,1996,0.02025262073477774
IRL,1998,0.023274799287925963
IRL,2000,0.022962446298970197
IRL,2002,0.020561090013470115
IRL,2003,0.020561090013470115
IRL,2004,0.02117699751885595
IRL,2005,0.020677814875971645
IRL,2006,0.02025262073477774
IRL,2007,0.020479206252888817
IRL,2008,0.02025262073477774
IRL,2009,0.021057839578021393
IRL,2010,0.02137083172459332
IRL,2011,0.02104264910566969
IRL,2012,0.02025262073477774
IRL,2013,0.021459528232954078
IRL,2014,0.023567372103457763
IRL,2015,0.03479173980351256
IRL,2016,0.020656871248974095
IRL,2017,0.02254855453254036
IRL,2018,0.021211550640395427
IRN,1996,0.518071907427477
IRN,1998,0.050454649201693125
IRN,2000,0.1497855489699422
IRN,2002,0.13156415766108284
IRN,2003,0.3049345408198255
IRN,2004,0.042023755867703926
IRN,2005,0.030313922667552774
IRN,2006,0.032247543401128544
IRN,2007,0.031003126166703057
IRN,2008,0.02423953967000511
IRN,2009,0.02535170401668908
IRN,2010,0.030116616944697545
IRN,2011,0.05258121354476112
IRN,2012,0.04036256249528196
IRN,2013,0.03803540435844934
IRN,2014,0.06715398870037853
IRN,2015,0.02616201103691775
IRN,2016,0.03770169265502348
IRN,2017,0.03376196827418924
IRN,2018,0.14428680146211637
IRQ,1996,0.02810496274253775
IRQ,1998,0.037648410921421384
IRQ,2000,0.049239205661462344
IRQ,2002,0.29164430869060814
IRQ,2010,0.04369477943837946
IRQ,2011,0.04419725832834831
IRQ,2012,0.030995830747379754
IRQ,2013,0.46073720354164877
IRQ,2014,0.09356630871040594
IRQ,2015,0.065824596142651
IRQ,2016,0.1324609919505598
IRQ,2017,0.057022278190594716
IRQ,2018,0.03791777038005217
ISR,1996,0.02406500044465129
ISR,1998,0.024723402352172352
ISR,2000,0.021356321781349774
ISR,2002,0.022344165950216766
ISR,2003,0.020632234642846747
ISR,2004,0.02035889313585916
ISR,2005,0.021022694696569286
ISR,2006,0.020328106651525957
ISR,2007,0.020328106651525957
ISR,2008,0.02176685857618653
ISR,2009,0.02373448738157877
ISR,2010,0.02170697483227132
ISR,2011,0.021237286346354273
ISR,2012,0.02046804452539789
ISR,2013,0.02030282566761635
ISR,2014,0.027905208495349516
ISR,2015,0.02040467023006157
ISR,2016,0.020818333937968916
ISR,2017,0.020809943530767032
ISR,2018,0.021571289980103492
ITA,1996,0.021700071248767706
ITA,1998,0.0205597910279332
ITA,2000,0.0205597910279332
ITA,2002,0.020565865949123137
ITA,2003,0.02025262073477774
ITA,2004,0.020303997295744086
ITA,2005,0.020291122324070997
ITA,2006,0.02025262073477774
ITA,2007,0.020476997356685882
ITA,2008,0.02025262073477774
ITA,2009,0.02025262073477774
ITA,2010,0.02025262073477774
ITA,2011,0.0203739145322416
ITA,2012,0.020875575084659887
ITA,2013,0.02025262073477774
ITA,2014,0.02025262073477774
ITA,2015,0.020957329040006786
ITA,2016,0.02063560861833538
ITA,2017,0.02039470083129762
ITA,2018,0.02047018674804584
JAM,1996,0.022333172515234433
JAM,1998,0.020678666916050338
JAM,2000,0.021562997435971832
JAM,2002,0.023347750395643015
JAM,2003,0.024680266211357733
JAM,2004,0.023319545097891383
JAM,2005,0.02025262073477774
JAM,2006,0.022646208223408865
JAM,2007,0.020451964747368524
JAM,2008,0.023239759442122934
JAM,2009,0.022598037315639207
JAM,2010,0.024245351109130345
JAM,2011,0.02206694091408971
JAM,2012,0.02317564282442743
JAM,2013,0.024903639339154755
JAM,2014,0.021235883610046274
JAM,2015,0.02165645496523602
JAM,2016,0.020466361603439658
JAM,2017,0.022120189389834965
JAM,2018,0.021006451663176735
JOR,1996,0.02709857117433402
JOR,1998,0.02879351537821356
JOR,2000,0.026251469163154767
JOR,2002,0.026542352829405175
JOR,2003,0.02403351392759355
JOR,2004,0.025832375952943257
JOR,2005,0.023558036739480148
JOR,2006,0.030517607059774035
JOR,2007,0.027267375824201093
JOR,2008,0.035870574777484315
JOR,2009,0.02357511919595164
JOR,2010,0.03075530521102698
JOR,2011,0.021579837382796563
JOR,2012,0.021270036182954557
JOR,2013,0.025256562349170564
JOR,2014,0.02480856413025857
JOR,2015,0.02749168254128458
JOR,2016,0.024339026665904966
JOR,2017,0.023854529474077693
JOR,2018,0.020814919455149575
JPN,1996,0.02345861994008705
JPN,1998,0.02040467023006157
JPN,2000,0.020930358012829775
JPN,2002,0.02040774153264937
JPN,2003,0.02025262073477774
JPN,2004,0.021076251504677967
JPN,2005,0.020684169155828803
JPN,2006,0.020425295714544985
JPN,2007,0.02088888579110899
JPN,2008,0.02112228090566678
JPN,2009,0.02136195663639656
JPN,2010,0.022384640241793263
JPN,2011,0.020291122324070997
JPN,2012,0.020561090013470115
JPN,2013,0.022862331180657544
JPN,2014,0.021907109261841928
JPN,2015,0.021296042694096438
JPN,2016,0.020673248957306864
JPN,2017,0.021200061340586482
JPN,2018,0.02153604591190395
KAZ,1996,0.027550142401935623
KAZ,1998,0.021822360381542075
KAZ,2000,0.02118438138024766
KAZ,2002,0.020909030305806795
KAZ,2003,0.02088597368507832
KAZ,2004,0.02199184291352017
KAZ,2005,0.020746339468668797
KAZ,2006,0.021946447480756387
KAZ,2007,0.020561090013470115
KAZ,2008,0.021753257358956186
KAZ,2009,0.02194123225088734
KAZ,2010,0.02546393132353415
KAZ,2011,0.02258954621610029
KAZ,2012,0.021369261731011294
KAZ,2013,0.020905566224987196
KAZ,2014,0.020944887405221362
KAZ,2015,0.02044472850360882
KAZ,2016,0.023917327660159925
KAZ,2017,0.02092158349548016
KAZ,2018,0.02054264155482743
KEN,1996,0.024623988118781654
KEN,1998,0.02290455295424797
KEN,2000,0.025469193508610596
KEN,2002,0.024655691330091226
KEN,2003,0.021515361602610417
KEN,2004,0.020758999296810677
KEN,2005,0.023670730558446883
KEN,2006,0.022316218412558996
KEN,2007,0.027795891850690185
KEN,2008,0.026763873731252556
KEN,2009,0.04587724744838603
KEN,2010,0.023320540297511825
KEN,2011,0.03622660768305018
KEN,2012,0.026390531254419577
KEN,2013,0.027649279983122207
KEN,2014,0.025293533787808836
KEN,2015,0.025989723003742717
KEN,2016,0.02665490395196683
KEN,2017,0.02661481808901468
KEN,2018,0.024377035033144645
KGZ,1996,0.022896580891440033
KGZ,1998,0.02247540058288236
KGZ,2000,0.025814894544815243
KGZ,2002,0.024098501454769706
KGZ,2003,0.021869115654535115
KGZ,2004,0.02773505936025414
KGZ,2005,0.02257830092906091
KGZ,2006,0.02224070425835879
KGZ,2007,0.021606569740849107
KGZ,2008,0.022652620946217675
KGZ,2009,0.0253849414935826
KGZ,2011,0.022851851444823896
KGZ,2012,0.021961667292712025
KGZ,2013,0.021482389423368692
KGZ,2014,0.021964669745928256
KGZ,2015,0.030178171856682173
KGZ,2016,0.024250961885472804
KGZ,2017,0.023613225514789896
KGZ,2018,0.02054264155482743
KHM,1996,0.02753874144693974
KHM,1998,0.03728062052004489
KHM,2000,0.02821164027401569
KHM,2002,0.020950730620067668
KHM,2003,0.02222434052762687
KHM,2004,0.026916014459720847
KHM,2005,0.02115968839020901
KHM,2006,0.02350155650387653
KHM,2007,0.022217267310816278
KHM,2008,0.025150461431530175
KHM,2009,0.031370072615010645
KHM,2010,0.02218707559598711
KHM,2011,0.04311090177655988
KHM,2012,0.03459952395107794
KHM,2013,0.03647948032637085
KHM,2014,0.03581058469014558
KHM,2015,0.0625404865358646
KHM,2016,0.5347876848721832
KHM,2017,0.13580374872130466
KHM,2018,0.08427157547089148
KOR,1996,0.02263244959028396
KOR,1998,0.02706853819761021
KOR,2000,0.021477496846256095
KOR,2002,0.020802841513153533
KOR,2003,0.020329809089456728
KOR,2004,0.020507695209585453
KOR,2005,0.03383146739091158
KOR,2006,0.021408583614495335
KOR,2007,0.02099579740319069
KOR,2008,0.02199763879009863
KOR,2009,0.020796935114496394
KOR,2010,0.02073319263940452
KOR,2011,0.020716210811341743
KOR,2012,0.020932743574754647
KOR,2013,0.02115040036330768
KOR,2014,0.034818124419659424
KOR,2015,0.02197486958072611
KOR,2016,0.021726506754394127
KOR,2017,0.020867332193886156
KOR,2018,0.02055196410619038
KWT,1996,0.028372079419463764
KWT,1998,0.02421028864185674
KWT,2000,0.022818816713138304
KWT,2002,0.021452770096933648
KWT,2003,0.025469461740591795
KWT,2004,0.024546121931672594
KWT,2005,0.022183236405264272
KWT,2006,0.021267276710262354
KWT,2007,0.02062490865086541
KWT,2008,0.021129263281348745
KWT,2009,0.02172184863532355
KWT,2010,0.022868398086732383
KWT,2011,0.022349795006477578
KWT,2012,0.021125599222296843
KWT,2013,0.02051165296146446
KWT,2014,0.020697762352699062
KWT,2015,0.041322359425056146
KWT,2016,0.025187739967929768
KWT,2017,0.02344519516665768
KWT,2018,0.02087819743039454
LAO,1996,0.022917419910175818
LAO,1998,0.031552416253309186
LAO,2000,0.027600985049004267
LAO,2002,0.02421220898167369
LAO,2003,0.02563387617867609
LAO,2004,0.02833702923144714
LAO,2005,0.02542532938313639
LAO,2006,0.02654889971127862
LAO,2007,0.024001119281670046
LAO,2008,0.027784083710229123
LAO,2009,0.03655006298210655
LAO,2010,0.04975727236811935
LAO,2011,0.02610204031662164
LAO,2012,0.022807917495195968
LAO,2013,0.022171548934423493
LAO,2014,0.02271648048048282
LAO,2015,0.022317592900722216
LAO,2016,0.022030846759171885
LAO,2017,0.0226564148014204
LAO,2018,0.020875644650119294
LBN,2005,0.02297098401535869
LBN,2006,0.024874349418571865
LBN,2007,0.022310433607842062
LBN,2008,0.030722832878813455
LBN,2009,0.02905854770199724
LBN,2010,0.02290243033295043
LBN,2011,0.02158791885454937
LBN,2012,0.02787691162584054
LBN,2013,0.024378075190755754
LBN,2014,0.022002255961645473
LBN,2015,0.021454541461652626
LBN,2016,0.022090228015213226
LBN,2017,0.021213012187222893
LBN,2018,0.02312972557437949
LBR,1998,0.03975573643907309
LBR,2000,0.18412810392522497
LBR,2002,0.47996458061936137
LBR,2006,0.17612890928510586
LBR,2007,0.029619436538118712
LBR,2008,0.028979278351400555
LBR,2009,0.038684574285554434
LBR,2010,0.026457932042884432
LBR,2011,0.024694126350799067
LBR,2012,0.023494759663697424
LBR,2013,0.026086429103839334
LBR,2014,0.023810294036098526
LBR,2015,0.02659284453726903
LBR,2016,0.034730680729422946
LBR,2017,0.039217872056165004
LBR,2018,0.026793440608282898
LBY,1996,0.02603727415499398
LBY,1998,0.023182182566937045
LBY,2000,0.023400020161012582
LBY,2002,0.02749125202908742
LBY,2003,0.021076467156370616
LBY,2004,0.029478258377022993
LBY,2005,0.023174809907714856
LBY,2006,0.022003889600435835
LBY,2007,0.02197159207471303
LBY,2008,0.03362006604366174
LBY,2009,0.045602772446957374
LBY,2010,0.028674740256962403
LKA,1996,0.05925261147104801
LKA,1998,0.036334159586553776
LKA,2000,0.027208946877909174
LKA,2002,0.02851619772194883
LKA,2003,0.027902107921558703
LKA,2004,0.022260988876097666
LKA,2005,0.03145804000711786
LKA,2006,0.03628933064864378
LKA,2007,0.035987251223099696
LKA,2008,0.05152539990406363
LKA,2009,0.37289916206772483
LKA,2010,0.040120702374608415
LKA,2011,0.04702139933698075
LKA,2012,0.0447673724780131
LKA,2013,0.04984499041956585
LKA,2014,0.472504917687315
LKA,2015,0.031054233567196905
LKA,2016,0.021092479308297777
LKA,2017,0.021495219689856737
LKA,2018,0.020457946465487983
LSO,1996,0.02505484343190152
LSO,1998,0.03248154454633754
LSO,2000,0.025843942851328613
LSO,2002,0.02862341551643606
LSO,2003,0.05010218530325757
LSO,2004,0.36826129308642336
LSO,2005,0.02209982853156997
LSO,2006,0.025188896638940503
LSO,2007,0.03216128648003286
LSO,2008,0.02895711095332133
LSO,2009,0.024569106136015272
LSO,2010,0.024211419414799328
LSO,2011,0.02265801091640993
LSO,2012,0.021843122888586978
LSO,2013,0.025315721225831627
LSO,2014,0.024954991586486782
LSO,2015,0.022190488900800498
LSO,2016,0.023549435612556766
LSO,2017,0.025611555519074652
LSO,2018,0.0272783086378776
LTU,1996,0.02085704983489077
LTU,1998,0.020348059922257706
LTU,2000,0.021475013792920494
LTU,2002,0.02054264155482743
LTU,2003,0.024153178124400713
LTU,2004,0.021366419854472463
LTU,2005,0.02119205301698668
LTU,2006,0.02049493343644743
LTU,2007,0.021558122324503094
LTU,2008,0.022364501630003603
LTU,2009,0.02255276087699246
LTU,2010,0.024896664569856012
LTU,2011,0.02448296511389751
LTU,2012,0.020591876497803318
LTU,2013,0.0206382783681491
LTU,2014,0.02025262073477774
LTU,2015,0.02025262073477774
LTU,2016,0.02040774153264937
LTU,2017,0.02054264155482743
LTU,2018,0.02097587631530634
LUX,1996,0.021948033037277024
LUX,1998,0.02172675437862251
LUX,2000,0.020561090013470115
LUX,2002,0.020702497820699984
LUX,2003,0.020456590198533076
LUX,2004,0.020587593331060815
LUX,2005,0.020561090013470115
LUX,2006,0.02040774153264937
LUX,2007,0.02025262073477774
LUX,2008,0.02085982967685934
LUX,2009,0.02025262073477774
LUX,2010,0.021153552259443143
LUX,2011,0.02025262073477774
LUX,2012,0.02025262073477774
LUX,2013,0.02025262073477774
LUX,2014,0.02025262073477774
LUX,2015,0.02025262073477774
LUX,2016,0.020688413530293
LUX,2017,0.02048232633319654
LUX,2018,0.02025262073477774
LVA,1996,0.023863303873908167
LVA,1998,0.02069469105011126
LVA,2000,0.020797948412618127
LVA,2002,0.02032408545501719
LVA,2003,0.02040774153264937
LVA,2004,0.02040774153264937
LVA,2005,0.02051282069310384
LVA,2006,0.020349222177171163
LVA,2007,0.02142208001493547
LVA,2008,0.020561090013470115
LVA,2009,0.023285246995143758
LVA,2010,0.022174496049161076
LVA,2011,0.021029632362342055
LVA,2012,0.02025262073477774
LVA,2013,0.02025262073477774
LVA,2014,0.02025262073477774
LVA,2015,0.02025262073477774
LVA,2016,0.02025262073477774
LVA,2017,0.02025262073477774
LVA,2018,0.02025262073477774
MAR,1996,0.022537006639914745
MAR,1998,0.0343774337105171
MAR,2000,0.020601993064341042
MAR,2002,0.020425295714544985
MAR,2003,0.020982667001436545
MAR,2004,0.02179226284180109
MAR,2005,0.020881561553259848
MAR,2006,0.021428888905759513
MAR,2007,0.02025262073477774
MAR,2008,0.02314132445564404
MAR,2009,0.020822978325401975
MAR,2010,0.02094596010952518
MAR,2011,0.02298577958386024
MAR,2012,0.02173006561663879
MAR,2013,0.021346506226257778
MAR,2014,0.020561090013470115
MAR,2015,0.020561090013470115
MAR,2016,0.021164657426860523
MAR,2017,0.02071113164848065
MAR,2018,0.020776657861807962
MDA,1996,0.023253187957784333
MDA,1998,0.021888414165778247
MDA,2000,0.028387949671081797
MDA,2002,0.029389081918544335
MDA,2003,0.023646061611431356
MDA,2004,0.024399649358318082
MDA,2005,0.024499029482410173
MDA,2006,0.022057236662575596
MDA,2007,0.022364810483913273
MDA,2008,0.029758950182385797
MDA,2009,0.023677028842226555
MDA,2010,0.021917955820079077
MDA,2011,0.0213799274850443
MDA,2012,0.020764799990045477
MDA,2013,0.021260551986273607
MDA,2014,0.0235362660529861
MDA,2015,0.0243003212397824
MDA,2016,0.02392723496162899
MDA,2017,0.021462748319151053
MDA,2018,0.023779443568858635
MDG,1996,0.023088318999897963
MDG,1998,0.027802688926650287
MDG,2000,0.025405547714174814
MDG,2002,0.034647503938818124
MDG,2003,0.03078464044085308
MDG,2004,0.04608302860046859
MDG,2005,0.02434021446137427
MDG,2006,0.028737781943504247
MDG,2007,0.035698581560133356
MDG,2008,0.2567055437578907
MDG,2009,0.05304023649766539
MDG,2010,0.3904181049311573
MDG,2011,0.04149452993991761
MDG,2012,0.03885623263274308
MDG,2013,0.03239005203571737
MDG,2014,0.058751685884947336
MDG,2015,0.03671113395050751
MDG,2016,0.034615695531789566
MDG,2017,0.03410909135832208
MDG,2018,0.03791617945579328
MEX,1996,0.024479013131882704
MEX,1998,0.020796097312992354
MEX,2000,0.020396239600295334
MEX,2002,0.02058806916678282
MEX,2003,0.022422441054579564
MEX,2004,0.021376409682383482
MEX,2005,0.02158195334269722
MEX,2006,0.020503180720129334
MEX,2007,0.020348059922257706
MEX,2008,0.020348059922257706
MEX,2009,0.02140721920639589
MEX,2010,0.020414960926889644
MEX,2011,0.020897821753807454
MEX,2012,0.021610442878305654
MEX,2013,0.02069864401186355
MEX,2014,0.02054264155482743
MEX,2015,0.02144098426019564
MEX,2016,0.02171759633731579
MEX,2017,0.020992087880116823
MEX,2018,0.02040774153264937
MKD,1996,0.02654040174308443
MKD,1998,0.021657354657993778
MKD,2000,0.022759254660469064
MKD,2002,0.02110143844315819
MKD,2003,0.025568724817501835
MKD,2004,0.02069469105011126
MKD,2005,0.022872849696207665
MKD,2006,0.020561090013470115
MKD,2007,0.020679586196477365
MKD,2008,0.02080059917945848
MKD,2009,0.020561090013470115
MKD,2010,0.02069469105011126
MKD,2011,0.020792212816627863
MKD,2012,0.02025262073477774
MKD,2013,0.020845653046748066
MKD,2014,0.02025262073477774
MKD,2015,0.02025262073477774
MKD,2016,0.020348059922257706
MKD,2017,0.020561090013470115
MKD,2018,0.020783984266634397
MLI,1996,0.022453064219497467
MLI,1998,0.027120611405650284
MLI,2000,0.02211530307456906
MLI,2002,0.021856590945391854
MLI,2003,0.027375170312774987
MLI,2004,0.024663630582404488
MLI,2005,0.028267335459767232
MLI,2006,0.026145636890597335
MLI,2007,0.02641238471739098
MLI,2008,0.033971884060994474
MLI,2009,0.024992427305087477
MLI,2010,0.02507924591253607
MLI,2011,0.23011084326333964
MLI,2013,0.022792924238021855
MLI,2014,0.022803795083584807
MLI,2015,0.02232323385559139
MLI,2016,0.02277770408971523
MLI,2017,0.02169072272926093
MLI,2018,0.02105073147437619
MMR,1996,0.025660143916463023
MMR,1998,0.030316690477062615
MMR,2000,0.029386604895093798
MMR,2002,0.031196218779166326
MMR,2003,0.032089968111589484
MMR,2004,0.05097244638542345
MMR,2005,0.02824639949945802
MMR,2006,0.0487624276116583
MMR,2007,0.026529922462999577
MMR,2008,0.04213965095328012
MMR,2009,0.103589123186133
MMR,2010,0.3710259666027198
MMR,2011,0.05244659411036506
MMR,2012,0.02838217520591815
MMR,2013,0.0969297380961871
MMR,2014,0.43807622867694723
MMR,2016,0.04433192125626195
MMR,2017,0.030028868064221132
MMR,2018,0.032607429294516474
MNE,2006,0.02122751346177854
MNE,2007,0.02357975763323329
MNE,2008,0.021916344951251485
MNE,2009,0.02391931348786493
MNE,2010,0.021681774409599525
MNE,2011,0.021307590842474303
MNE,2012,0.023030627159757986
MNE,2013,0.02178015060729224
MNE,2014,0.020991830016948602
MNE,2015,0.02092267149183692
MNE,2016,0.022121673745395674
MNE,2017,0.0214373265035573
MNE,2018,0.02105149326538881
MNG,1996,0.020698256270916048
MNG,1998,0.02398717399595474
MNG,2000,0.0212602909840223
MNG,2002,0.02025262073477774
MNG,2003,0.021233396777765645
MNG,2004,0.02672387362656266
MNG,2005,0.020497727039462156
MNG,2006,0.020936377992666098
MNG,2007,0.02093668202763241
MNG,2008,0.021861252824087647
MNG,2009,0.028294309987017253
MNG,2010,0.02483962463011283
MNG,2011,0.0273660795528456
MNG,2012,0.02304053456977685
MNG,2013,0.024047888646347052
MNG,2014,0.024774034353267204
MNG,2015,0.024585039887464452
MNG,2016,0.029876971567507116
MNG,2017,0.037077865806085915
MNG,2018,0.03571546017236496
MOZ,1996,0.03162321813140135
MOZ,1998,0.03316800131399591
MOZ,2000,0.0323848909227167
MOZ,2002,0.024219995153767035
MOZ,2003,0.023286329771583653
MOZ,2004,0.027400576846854457
MOZ,2005,0.022390031263444594
MOZ,2006,0.02635987206014503
MOZ,2007,0.02056997614415881
MOZ,2008,0.02299513938789753
MOZ,2009,0.022352513215141798
MOZ,2010,0.024462838980683993
MOZ,2011,0.021725713475058337
MOZ,2012,0.02424144798339514
MOZ,2013,0.02379273979757773
MOZ,2014,0.024519321111835645
MOZ,2015,0.02630425577357932
MOZ,2016,0.1715227304093114
MOZ,2017,0.1007715541690074
MOZ,2018,0.04944379302517593
MRT,1996,0.02237068682258216
MRT,1998,0.028878340740533342
MRT,2000,0.02440897184822983
MRT,2002,0.02262740374416597
MRT,2003,0.02246341892101465
MRT,2004,0.3637296459881782
MRT,2005,0.0258645662727488
MRT,2006,0.0264843924655711
MRT,2007,0.023244640588241744
MRT,2008,0.024446548400401637
MRT,2009,0.025438073140247455
MRT,2010,0.038399895965491225
MRT,2011,0.02171987080557287
MRT,2012,0.022628228265078393
MRT,2013,0.02358552192238263
MRT,2014,0.026505148068498713
MRT,2015,0.03977145249918045
MRT,2016,0.029186198749450127
MRT,2017,0.02512801185199759
MRT,2018,0.02861533903633306
MUS,1996,0.021079554154134872
MUS,1998,0.020784433211846157
MUS,2000,0.022472886432202247
MUS,2002,0.02040774153264937
MUS,2003,0.02036311719969814
MUS,2004,0.02069102469926793
MUS,2005,0.02069469105011126
MUS,2006,0.02105724801236064
MUS,2007,0.02025262073477774
MUS,2008,0.020691877897061364
MUS,2009,0.020716210811341743
MUS,2010,0.021349410742885766
MUS,2011,0.020776445686834174
MUS,2012,0.02025262073477774
MUS,2013,0.020382684093322806
MUS,2014,0.020561090013470115
MUS,2015,0.02025262073477774
MUS,2016,0.02025262073477774
MUS,2017,0.02043257718474802
MUS,2018,0.02025262073477774
MWI,1996,0.04977584289186735
MWI,1998,0.029856269125204754
MWI,2000,0.025432261872528752
MWI,2002,0.04372791279623254
MWI,2003,0.02628337368384455
MWI,2004,0.023619775494183082
MWI,2005,0.021202047441831323
MWI,2006,0.026831281500778348
MWI,2007,0.023254840357053826
MWI,2008,0.02937677766936055
MWI,2009,0.028041585456980423
MWI,2010,0.027900336467969203
MWI,2011,0.026317657331062793
MWI,2012,0.03000217112870854
MWI,2013,0.03704953948021249
MWI,2014,0.024450616803529487
MWI,2015,0.027820439744102535
MWI,2016,0.027622106685921678
MWI,2017,0.024958067008308826
MWI,2018,0.02300470339699463
MYS,1996,0.020695929312110322
MYS,1998,0.02149106196525972
MYS,2000,0.02025262073477774
MYS,2002,0.02100050678588078
MYS,2003,0.020283407219110944
MYS,2004,0.02157807300875582
MYS,2005,0.021158446581531706
MYS,2006,0.022181592891453553
MYS,2007,0.344715677607196
MYS,2008,0.02177264937417572
MYS,2009,0.022379198301894956
MYS,2010,0.024467761284532954
MYS,2011,0.022726256182041066
MYS,2012,0.022649295482644754
MYS,2013,0.02098134170314363
MYS,2014,0.021759728745391376
MYS,2015,0.020867758979793122
MYS,2016,0.020917900410302726
MYS,2017,0.024837281430836425
MYS,2018,0.020675207114183067
NAM,1996,0.026051252331841513
NAM,1998,0.0208784804714357
NAM,2000,0.023703841256835684
NAM,2002,0.02160734635357729
NAM,2003,0.020667857527530347
NAM,2004,0.021739519706241637
NAM,2005,0.02025262073477774
NAM,2006,0.021316542025213433
NAM,2007,0.022220987133451813
NAM,2008,0.02109868619134068
NAM,2009,0.02067362067837782
NAM,2010,0.02054264155482743
NAM,2011,0.020283407219110944
NAM,2012,0.026399883555444936
NAM,2013,0.020640976515120726
NAM,2014,0.020604332928205522
NAM,2015,0.021115631853746385
NAM,2016,0.02176274730378067
NAM,2017,0.020651081361856557
NAM,2018,0.02040467023006157
NER,1996,0.026157286985900353
NER,1998,0.4375457047886669
NER,2000,0.025666437191228245
NER,2002,0.025513013233924173
NER,2003,0.02249157435501528
NER,2004,0.025056588892540185
NER,2005,0.024874061770115998
NER,2006,0.022710759037317754
NER,2007,0.026830822623836723
NER,2008,0.2827997400284176
NER,2009,0.025570068111944066
NER,2010,0.028473172270525784
NER,2011,0.046921996103365594
NER,2012,0.0390347358843298
NER,2013,0.030480026112080238
NER,2014,0.027639976035956176
NER,2015,0.023540907187242693
NER,2016,0.023461697461371642
NER,2017,0.024794694287303395
NER,2018,0.03371749932753492
NGA,1996,0.07486629344406298
NGA,2000,0.02492391634914805
NGA,2002,0.03142285387874829
NGA,2003,0.02352772505455686
NGA,2004,0.027033915027404907
NGA,2005,0.023622400445627436
NGA,2006,0.024423481466725714
NGA,2007,0.023834903671188304
NGA,2008,0.03642556588986182
NGA,2009,0.026736955571589043
NGA,2010,0.030716009822919943
NGA,2011,0.022546607948000622
NGA,2012,0.02793668316045532
NGA,2013,0.04504697663898005
NGA,2014,0.567497046619864
NGA,2015,0.12807420091024063
NGA,2016,0.047819170500849766
NGA,2017,0.0495343424235443
NGA,2018,0.031084902015863194
NIC,1996,0.02182038305803169
NIC,1998,0.02555287728135774
NIC,2000,0.021846424272437895
NIC,2002,0.02166051091148033
NIC,2003,0.020930997335170416
NIC,2004,0.02158628335884941
NIC,2005,0.021976273017909925
NIC,2006,0.020616902188603913
NIC,2007,0.02100050678588078
NIC,2008,0.026390665875203917
NIC,2009,0.02525734570342097
NIC,2010,0.02089574722541966
NIC,2011,0.021028890353399304
NIC,2012,0.020952355089192302
NIC,2013,0.021151798822561244
NIC,2014,0.021539815994239236
NIC,2015,0.021684964204021995
NIC,2016,0.02146673005814141
NIC,2017,0.020907448679090185
NIC,2018,0.02334530058918778
NLD,1996,0.02025262073477774
NLD,1998,0.02054264155482743
NLD,2000,0.021010398315711512
NLD,2002,0.020662296057089562
NLD,2003,0.020776445686834174
NLD,2004,0.020329809089456728
NLD,2005,0.020430695728767784
NLD,2006,0.020329809089456728
NLD,2007,0.02040774153264937
NLD,2008,0.02040467023006157
NLD,2009,0.02048232633319654
NLD,2010,0.020605872803828355
NLD,2011,0.02025262073477774
NLD,2012,0.02050862817196043
NLD,2013,0.020329809089456728
NLD,2014,0.02025262073477774
NLD,2015,0.02025262073477774
NLD,2016,0.02040774153264937
NLD,2017,0.02025262073477774
NLD,2018,0.02025262073477774
NOR,1996,0.020591876497803318
NOR,1998,0.020595423091650356
NOR,2000,0.021643218327208457
NOR,2002,0.020416982584592354
NOR,2003,0.020303997295744086
NOR,2004,0.0212477829371277
NOR,2005,0.02025262073477774
NOR,2006,0.02025262073477774
NOR,2007,0.020376930727520746
NOR,2008,0.020863392792424638
NOR,2009,0.022420303416438577
NOR,2010,0.021280613400910156
NOR,2011,0.020887528307798057
NOR,2012,0.02025262073477774
NOR,2013,0.02025262073477774
NOR,2014,0.02040774153264937
NOR,2015,0.02078452478742762
NOR,2016,0.022160960192458834
NOR,2017,0.021096047077393845
NOR,2018,0.02054264155482743
NPL,1996,0.034150052476570415
NPL,1998,0.0236040894844626
NPL,2000,0.027217411799882046
NPL,2002,0.047613000842175034
NPL,2003,0.028326687549218067
NPL,2004,0.03591742941608963
NPL,2005,0.2160472244353009
NPL,2006,0.02413966106141042
NPL,2007,0.02334694381514221
NPL,2008,0.02473940687209747
NPL,2009,0.03273103872261581
NPL,2010,0.026169646987491857
NPL,2011,0.030095334745539538
NPL,2012,0.024347135824698902
NPL,2013,0.022444780835503924
NPL,2014,0.022623688952107323
NPL,2015,0.02548392816875827
NPL,2016,0.025851129346772805
NPL,2017,0.02679628291933454
NPL,2018,0.02390186562655579
NZL,1996,0.02025262073477774
NZL,1998,0.020458639536642658
NZL,2000,0.02025262073477774
NZL,2002,0.02025262073477774
NZL,2003,0.020328106651525957
NZL,2004,0.02025262073477774
NZL,2005,0.02025262073477774
NZL,2006,0.02025262073477774
NZL,2007,0.02283946479107893
NZL,2008,0.02054264155482743
NZL,2009,0.02098626109726404
NZL,2010,0.020561090013470115
NZL,2011,0.02025262073477774
NZL,2012,0.020804179929879846
NZL,2013,0.020483227449397585
NZL,2014,0.02025262073477774
NZL,2015,0.02069864401186355
NZL,2016,0.020507901453559643
NZL,2017,0.021548291763438365
NZL,2018,0.02025262073477774
OMN,1996,0.021243255925850312
OMN,1998,0.021524101521775058
OMN,2000,0.022414091870245987
OMN,2002,0.021887805401146886
OMN,2003,0.021642695211020815
OMN,2004,0.023142937906363677
OMN,2005,0.021097396155139433
OMN,2006,0.020932707288042172
OMN,2007,0.020328106651525957
OMN,2008,0.02321991782885699
OMN,2009,0.038568949845935535
OMN,2010,0.022136756828242204
OMN,2011,0.021906003745431724
OMN,2012,0.02047446757092516
OMN,2013,0.020632766794194148
OMN,2014,0.020328106651525957
OMN,2015,0.02082387172422975
OMN,2016,0.022534683209643063
OMN,2017,0.021250935327683736
OMN,2018,0.020633217022967127
PAK,1996,0.09982155447599154
PAK,1998,0.5636922617564982
PAK,2000,0.051144875268021715
PAK,2002,0.03066878047127027
PAK,2003,0.023689327656009704
PAK,2004,0.030587727857721087
PAK,2005,0.0392886961697916
PAK,2006,0.029775078267097882
PAK,2007,0.027165919513494115
PAK,2008,0.03083144611576975
PAK,2009,0.03737781934955149
PAK,2010,0.04665298002363316
PAK,2011,0.0402973552436617
PAK,2012,0.04527174369957609
PAK,2013,0.027254081214164238
PAK,2014,0.026690917428247144
PAK,2015,0.030297455428347348
PAK,2016,0.02638577430537248
PAK,2017,0.023347526994307755
PAK,2018,0.0360440144307562
PAN,1996,0.02112787159846334
PAN,1998,0.020716210811341743
PAN,2000,0.020723869412407833
PAN,2002,0.02040774153264937
PAN,2003,0.02025262073477774
PAN,2004,0.02093177865967959
PAN,2005,0.020456318648619107
PAN,2006,0.020794894145476858
PAN,2007,0.020482660913362424
PAN,2008,0.021411537452370576
PAN,2009,0.02057621945362864
PAN,2010,0.020851110833519804
PAN,2011,0.020883221358504206
PAN,2012,0.021109187773218952
PAN,2013,0.02061820683744375
PAN,2014,0.020716210811341743
PAN,2015,0.020561090013470115
PAN,2016,0.02025262073477774
PAN,2017,0.02025262073477774
PAN,2018,0.02025262073477774
PER,1996,0.022108223087693515
PER,1998,0.02207143609851915
PER,2002,0.02036311719969814
PER,2003,0.02025262073477774
PER,2004,0.02320044851452327
PER,2005,0.02132838190232297
PER,2006,0.022761525153334794
PER,2007,0.025069434747940128
PER,2008,0.02853349731246721
PER,2009,0.02255024865763819
PER,2010,0.026422837487337706
PER,2011,0.021746182310360424
PER,2012,0.02155454153477789
PER,2013,0.02191328732781349
PER,2014,0.02196140854042664
PER,2015,0.020704708878987708
PER,2016,0.02110732572114943
PER,2017,0.02114565842244726
PER,2018,0.02069636108786178
PHL,1996,0.02234767754498583
PHL,1998,0.02210487302266512
PHL,2000,0.023254969173908388
PHL,2002,0.02059939047198969
PHL,2003,0.02114521113982844
PHL,2004,0.024586614191827047
PHL,2005,0.020938913476489535
PHL,2006,0.021949146661828057
PHL,2007,0.021375454176126536
PHL,2008,0.022146067038633407
PHL,2009,0.020717307797712015
PHL,2010,0.024057941962646223
PHL,2011,0.02054264155482743
PHL,2012,0.02060355544141394
PHL,2013,0.020752494002615012
PHL,2014,0.024275762410467347
PHL,2015,0.022040193845351257
PHL,2016,0.021770541755601266
PHL,2017,0.02815625617426631
PHL,2018,0.021710624215039696
PNG,1996,0.03736590729477957
PNG,1998,0.024908971446599256
PNG,2000,0.031134253282043705
PNG,2002,0.02636040216801325
PNG,2003,0.02783357345661064
PNG,2004,0.03748773315192879
PNG,2005,0.02499492581267149
PNG,2006,0.03526852843781148
PNG,2007,0.024880897900249565
PNG,2008,0.035870046373652494
PNG,2009,0.048428550658745684
PNG,2010,0.02914534424480349
PNG,2011,0.03405054217376464
PNG,2012,0.04028171817558695
PNG,2013,0.024347119806608652
PNG,2014,0.045200541245440734
PNG,2015,0.027484997602740008
PNG,2016,0.023404456212972394
PNG,2017,0.026617477957055616
PNG,2018,0.03155619323484332
POL,1996,0.021290527605930473
POL,1998,0.021164356047865204
POL,2000,0.02476357924318256
POL,2002,0.02025262073477774
POL,2003,0.02025262073477774
POL,2004,0.020585409157640816
POL,2005,0.02025262073477774
POL,2006,0.02040774153264937
POL,2007,0.02054264155482743
POL,2008,0.020804574343267535
POL,2009,0.02054264155482743
POL,2010,0.02025262073477774
POL,2011,0.02044472850360882
POL,2012,0.02025262073477774
POL,2013,0.02025262073477774
POL,2014,0.02025262073477774
POL,2015,0.02025262073477774
POL,2016,0.02025262073477774
POL,2017,0.02057099272078945
POL,2018,0.02054264155482743
PRK,1996,0.024001613539714303
PRK,1998,0.02435544471666921
PRK,2000,0.03062864724114529
PRK,2002,0.020590324421180754
PRK,2003,0.023420742614868404
PRK,2004,0.02342785476301898
PRK,2005,0.021066678681857656
PRK,2006,0.02200921465582573
PRK,2007,0.022685542807174348
PRK,2008,0.02475237691280498
PRK,2009,0.020782892870233063
PRK,2010,0.02192064000469926
PRK,2011,0.021495292805904103
PRK,2012,0.021692441770776266
PRK,2013,0.023209989641676976
PRK,2014,0.020698093339094354
PRK,2015,0.02114856196030676
PRK,2016,0.02081414946787474
PRK,2017,0.0206772005556634
PRK,2018,0.022692994127523944
PRT,1996,0.02025262073477774
PRT,1998,0.02025262073477774
PRT,2000,0.02025262073477774
PRT,2002,0.02059959160276337
PRT,2003,0.020856830408855467
PRT,2004,0.020303997295744086
PRT,2005,0.020353507374088798
PRT,2006,0.02040774153264937
PRT,2007,0.02025262073477774
PRT,2008,0.02025262073477774
PRT,2009,0.02040774153264937
PRT,2010,0.02025262073477774
PRT,2011,0.02084981184798289
PRT,2012,0.02040774153264937
PRT,2013,0.02025262073477774
PRT,2014,0.02025262073477774
PRT,2015,0.02025262073477774
PRT,2016,0.02025262073477774
PRT,2017,0.02025262073477774
PRT,2018,0.02025262073477774
PRY,1996,0.039957014351901014
PRY,1998,0.02545190225865805
PRY,2000,0.03032417867197673
PRY,2002,0.03504242077068925
PRY,2003,0.022800543425291586
PRY,2004,0.02317984232384923
PRY,2005,0.022174360005640048
PRY,2006,0.022145244213464716
PRY,2007,0.02153370662488575
PRY,2008,0.023491232848475693
PRY,2009,0.021098093875407235
PRY,2010,0.0235742910689877
PRY,2011,0.020780029448737043
PRY,2012,0.02040467023006157
PRY,2013,0.0220094566233488
PRY,2014,0.02160883351806206
PRY,2015,0.021406235482151936
PRY,2016,0.020565624403922813
PRY,2017,0.020457946465487983
PRY,2018,0.020697762352699062
QAT,1996,0.02213874038593376
QAT,1998,0.024609708790906033
QAT,2000,0.02235179113643862
QAT,2002,0.020787414300040673
QAT,2003,0.022196058650159698
QAT,2004,0.0645497124308926
QAT,2005,0.023374037190961965
QAT,2006,0.02541216370593143
QAT,2007,0.02674617739144861
QAT,2008,0.044722294826415786
QAT,2009,0.05548147383882442
QAT,2010,0.029993712825334914
QAT,2011,0.02542399134270167
QAT,2012,0.023719221064741364
QAT,2013,0.06036237500918814
QAT,2014,0.05339178437513332
QAT,2015,0.06610477241433599
QAT,2016,0.04727393454490014
QAT,2017,0.041125533945496395
QAT,2018,0.03767686900275707
ROU,1996,0.021615208349434336
ROU,1998,0.039680782309187444
ROU,2000,0.023536578581971574
ROU,2002,0.02158696910091822
ROU,2003,0.020559514687875525
ROU,2004,0.02573396653883656
ROU,2005,0.03232572401348641
ROU,2006,0.02115111264528281
ROU,2007,0.02227813158338049
ROU,2008,0.021791510829266125
ROU,2009,0.021335193891060398
ROU,2010,0.021765391615601565
ROU,2011,0.02132526731045956
ROU,2012,0.02025262073477774
ROU,2013,0.020309737558751373
ROU,2014,0.020565865949123137
ROU,2015,0.02025262073477774
ROU,2016,0.02025262073477774
ROU,2017,0.021954058183646746
ROU,2018,0.023087571207676714
RUS,1996,0.03996207891269321
RUS,1998,0.03558816362810931
RUS,2000,0.04421728690756154
RUS,2002,0.028118154527269706
RUS,2003,0.021866379765999266
RUS,2004,0.034809517645306653
RUS,2005,0.02214888169142255
RUS,2006,0.02116317329146705
RUS,2007,0.026417231205165623
RUS,2008,0.02726786663607089
RUS,2009,0.025230305225523133
RUS,2010,0.02364565788957154
RUS,2011,0.02229265572360307
RUS,2012,0.024736709355749287
RUS,2013,0.02137799989321018
RUS,2014,0.022662234157405703
RUS,2015,0.024905884941240294
RUS,2016,0.022250734478155964
RUS,2017,0.028813179623943586
RUS,2018,0.028597270602949577
RWA,1996,0.02517831289393201
RWA,1998,0.02535363845545469
RWA,2000,0.020919486682658518
RWA,2002,0.023425105166153454
RWA,2003,0.02201025462366238
RWA,2004,0.02125099633439881
RWA,2005,0.020844000765910305
RWA,2006,0.022020438400228593
RWA,2007,0.022288489663617222
RWA,2008,0.022374705190992033
RWA,2009,0.02126877310328022
RWA,2010,0.02112118200988589
RWA,2011,0.021116490664565776
RWA,2012,0.026418385247068188
RWA,2013,0.02323752385301466
RWA,2014,0.020837541018991868
RWA,2015,0.020415597948999196
RWA,2016,0.020692353076087067
RWA,2017,0.020835971941604664
RWA,2018,0.02142581975700204
SAU,1996,0.02423492876938337
SAU,1998,0.026088713224020395
SAU,2000,0.022652945515711523
SAU,2002,0.023195418487341815
SAU,2003,0.023506923919437817
SAU,2004,0.024754640462471156
SAU,2005,0.02458954065741385
SAU,2006,0.02708897553556017
SAU,2007,0.027440078950032268
SAU,2008,0.024812148482379188
SAU,2009,0.022479354618458555
SAU,2010,0.02302292321814331
SAU,2011,0.021630135095277555
SAU,2012,0.021356363283210857
SAU,2013,0.02112311663981649
SAU,2014,0.021335264789401415
SAU,2015,0.02530737751105235
SAU,2016,0.02755267069626346
SAU,2017,0.0254892639684751
SAU,2018,0.028923369594780392
SDN,1996,0.06222008076289063
SDN,1998,0.522373990651149
SDN,2000,0.02927132665268427
SDN,2002,0.025706078333419074
SDN,2003,0.027667818560760015
SDN,2004,0.3563486285873243
SDN,2005,0.025101554321522623
SDN,2006,0.025865296766271736
SDN,2007,0.025154632508860728
SDN,2008,0.03012210552995236
SDN,2009,0.031495418741224405
SDN,2010,0.35806808304803006
SDN,2011,0.06159693946364686
SEN,1996,0.02141476218161319
SEN,1998,0.02134480875925135
SEN,2000,0.022342595977745138
SEN,2002,0.021170406326185193
SEN,2003,0.02277085485444982
SEN,2004,0.021284859477370705
SEN,2005,0.023498650767446363
SEN,2006,0.021591324047178794
SEN,2007,0.022710489607557505
SEN,2008,0.02498342458250548
SEN,2009,0.023274013121392396
SEN,2010,0.021316759972436285
SEN,2011,0.02559331334202333
SEN,2012,0.023408671772310454
SEN,2013,0.024061530891541838
SEN,2014,0.02555150007570509
SEN,2015,0.024932043117731242
SEN,2016,0.02270038226881697
SEN,2017,0.02468176755032976
SEN,2018,0.023778658837772786
SGP,1996,0.022201383824846457
SGP,1998,0.020988895483653222
SGP,2000,0.02464000191712637
SGP,2002,0.024995676512217166
SGP,2003,0.021001459597610572
SGP,2004,0.023813177612013642
SGP,2005,0.02147422596566762
SGP,2006,0.021781005509010003
SGP,2007,0.02515390502770995
SGP,2008,0.021773630100267945
SGP,2009,0.021636196193287268
SGP,2010,0.028163338703767665
SGP,2011,0.021693286176560588
SGP,2012,0.020683931294675908
SGP,2013,0.02203732259862154
SGP,2014,0.020561241220242884
SGP,2015,0.020579180284028536
SGP,2016,0.020988058588598757
SGP,2017,0.020850983876771857
SGP,2018,0.021137138644570647
SLB,1996,0.02535259055772504
SLB,1998,0.023463936324587483
SLB,2004,0.032756550957445896
SLB,2005,0.027041407362756998
SLB,2006,0.02962265551040809
SLB,2007,0.028933876056033175
SLB,2008,0.025250450497333307
SLB,2009,0.026130170869920245
SLB,2010,0.023485755372097628
SLB,2011,0.03522030285502466
SLB,2012,0.028580505486180602
SLB,2013,0.03606354388924337
SLB,2014,0.033243368717142445
SLB,2015,0.03223842630954948
SLB,2016,0.02765970569253232
SLB,2017,0.027859148391333594
SLB,2018,0.030264074699812755
SLE,1996,0.024231805479910325
SLE,2002,0.03033857999560144
SLE,2003,0.026683195172531565
SLE,2004,0.021844142697774387
SLE,2005,0.0214837651523675
SLE,2006,0.02051343547259274
SLE,2007,0.020601993064341042
SLE,2008,0.0233522990593264
SLE,2009,0.021899498644524906
SLE,2010,0.021634018247111128
SLE,2011,0.021471333798127153
SLE,2012,0.028261375889242865
SLE,2013,0.02807899176627965
SLE,2014,0.022891090074431433
SLE,2015,0.04488377356829141
SLE,2016,0.023908583160782287
SLE,2017,0.02565751883012049
SLE,2018,0.027063775403084352
SLV,1996,0.02054264155482743
SLV,1998,0.020681345640691438
SLV,2000,0.021068691604760686
SLV,2002,0.020844000765910305
SLV,2003,0.021201609704683044
SLV,2004,0.02057625519153824
SLV,2005,0.020456318648619107
SLV,2006,0.020697762352699062
SLV,2007,0.020561090013470115
SLV,2008,0.020999121563781933
SLV,2009,0.020687169594185664
SLV,2010,0.021290601334425726
SLV,2011,0.021034427472395204
SLV,2012,0.020599849301480445
SLV,2013,0.021157118897070355
SLV,2014,0.02076333026727667
SLV,2015,0.02025262073477774
SLV,2016,0.02025262073477774
SLV,2017,0.020303997295744086
SLV,2018,0.020561090013470115
SOM,2012,0.04079149678148325
SOM,2013,0.02737305418402941
SOM,2014,0.08962469281393237
SOM,2015,0.03338389036429135
SOM,2016,0.04776143454001803
SOM,2017,0.05202035405085222
SOM,2018,0.054146661512911864
SRB,2006,0.021318443138577548
SRB,2007,0.020650913216450635
SRB,2008,0.020601993064341042
SRB,2009,0.022804959915018654
SRB,2010,0.024882375577886116
SRB,2011,0.032686721078492686
SRB,2012,0.021001346274749085
SRB,2013,0.02070668318525416
SRB,2014,0.020329809089456728
SRB,2015,0.020283407219110944
SRB,2016,0.020283407219110944
SRB,2017,0.02025262073477774
SRB,2018,0.02025262073477774
SSD,2011,0.02483664341238449
SSD,2012,0.081072752599226
SUR,1996,0.028549411873809317
SUR,1998,0.02816770186622285
SUR,2000,0.025638094665225774
SUR,2002,0.021650763193130012
SUR,2003,0.02320164308656364
SUR,2004,0.022672187666960043
SUR,2005,0.020986297444940526
SUR,2006,0.0242555461547287
SUR,2007,0.021631315207493146
SUR,2008,0.023773806997202714
SUR,2009,0.02083609335561493
SUR,2010,0.02025262073477774
SUR,2011,0.024026008801456434
SUR,2012,0.021493844257646083
SUR,2013,0.02091921059249685
SUR,2014,0.020941287051452234
SUR,2015,0.02106812691793716
SUR,2016,0.020897635290318014
SUR,2017,0.020928765837521183
SUR,2018,0.02146337108723452
SVK,1996,0.021024759717923395
SVK,1998,0.021488102898529246
SVK,2000,0.022468634943328555
SVK,2002,0.021076044502588046
SVK,2003,0.020960180299413336
SVK,2004,0.020887528307798057
SVK,2005,0.021745741705417435
SVK,2006,0.021209360568850255
SVK,2007,0.02285638725379517
SVK,2008,0.02053176504676467
SVK,2009,0.020309737558751373
SVK,2010,0.02259982022204419
SVK,2011,0.02025262073477774
SVK,2012,0.02025262073477774
SVK,2013,0.02025262073477774
SVK,2014,0.02025262073477774
SVK,2015,0.020697762352699062
SVK,2016,0.02025262073477774
SVK,2017,0.020697762352699062
SVK,2018,0.020430145564884632
SVN,1996,0.02105073147437619
SVN,1998,0.020367294806948082
SVN,2000,0.02025262073477774
SVN,2002,0.02025262073477774
SVN,2003,0.020450745243600865
SVN,2004,0.020303997295744086
SVN,2005,0.020851110833519804
SVN,2006,0.02025262073477774
SVN,2007,0.02025262073477774
SVN,2008,0.02031292372752626
SVN,2009,0.02025262073477774
SVN,2010,0.02025262073477774
SVN,2011,0.020972062440698592
SVN,2012,0.020561090013470115
SVN,2013,0.020561090013470115
SVN,2014,0.02025262073477774
SVN,2015,0.02025262073477774
SVN,2016,0.02025262073477774
SVN,2017,0.02025262073477774
SVN,2018,0.02025262073477774
SWE,1996,0.021000347175753737
SWE,1998,0.02040774153264937
SWE,2000,0.020561090013470115
SWE,2002,0.020716210811341743
SWE,2003,0.021011386403640628
SWE,2004,0.021174011584469004
SWE,2005,0.02025262073477774
SWE,2006,0.02025262073477774
SWE,2007,0.020281124295109174
SWE,2008,0.02025262073477774
SWE,2009,0.020302708871806966
SWE,2010,0.020558824113578858
SWE,2011,0.02025262073477774
SWE,2012,0.02025262073477774
SWE,2013,0.02025262073477774
SWE,2014,0.02025262073477774
SWE,2015,0.020353507374088798
SWE,2016,0.020353507374088798
SWE,2017,0.021236347460840747
SWE,2018,0.02044912578735569
SWZ,1996,0.022558758231003784
SWZ,1998,0.02272533914451379
SWZ,2000,0.030697872846902906
SWZ,2002,0.021639681662806595
SWZ,2003,0.021287833837515164
SWZ,2004,0.022443116015382205
SWZ,2005,0.0220441874868314
SWZ,2006,0.02073728730385478
SWZ,2007,0.021023720227497354
SWZ,2008,0.02632701770071927
SWZ,2009,0.022594723819069042
SWZ,2010,0.02205895976152408
SWZ,2011,0.02634517203022163
SWZ,2012,0.027574690800538357
SWZ,2013,0.02118666058499936
SWZ,2014,0.026394881657409608
SWZ,2015,0.02291776789397081
SWZ,2016,0.021867970885626146
SWZ,2017,0.023510309271464597
SWZ,2018,0.022481072071127914
SYR,1996,0.02741448165452104
SYR,1998,0.024710160201162238
SYR,2000,0.039193606670773956
SYR,2002,0.021857331321673317
SYR,2003,0.02091043495067352
SYR,2004,0.046768931761786044
SYR,2005,0.021649399175966772
SYR,2006,0.02162789641801995
SYR,2007,0.022277014656048755
SYR,2008,0.04653224389483707
SYR,2009,0.029990390549863397
SYR,2010,0.03759105065136888
SYR,2011,0.3729681337531714
SYR,2012,0.08427214322621508
SYR,2013,0.07876485165925777
SYR,2014,0.03709272304108457
SYR,2015,0.028482141806875864
SYR,2016,0.033044062657856206
SYR,2017,0.031479115963125984
SYR,2018,0.04193072224089428
TCD,1996,0.037593309064396875
TCD,1998,0.04004440393893475
TCD,2000,0.02618393077681318
TCD,2002,0.02566763259828184
TCD,2003,0.03125381636062068
TCD,2004,0.030915990352491807
TCD,2005,0.026491111368206543
TCD,2006,0.03538359338843096
TCD,2007,0.023286568950207878
TCD,2008,0.029087104294619758
TCD,2009,0.02919418308194417
TCD,2010,0.03306638309582637
TCD,2011,0.023216598958803944
TCD,2012,0.021977506365527862
TCD,2013,0.025517526795559936
TCD,2014,0.022664586362782766
TCD,2015,0.023365850175726132
TCD,2016,0.025527871901499046
TCD,2017,0.02573842820267272
TCD,2018,0.021937861172799524
TGO,1996,0.021993133752124226
TGO,1998,0.02862591698193598
TGO,2000,0.020818722494498964
TGO,2002,0.02184517394331911
TGO,2003,0.021290945845729093
TGO,2004,0.021841075570500728
TGO,2005,0.022050057604751375
TGO,2006,0.021511774174160416
TGO,2007,0.024034165022156957
TGO,2008,0.024722632183654922
TGO,2009,0.02200077896047536
TGO,2010,0.02044472850360882
TGO,2011,0.024871742417604176
TGO,2012,0.02545757536366711
TGO,2013,0.023527119229561477
TGO,2014,0.02188142393075342
TGO,2015,0.021459904201274128
TGO,2016,0.021663845826402958
TGO,2017,0.023509188423448027
TGO,2018,0.02566894261830389
THA,1996,0.025008875680959292
THA,1998,0.03155968504268319
THA,2000,0.028394840183360404
THA,2002,0.02364238810666185
THA,2003,0.023529681167387618
THA,2004,0.029566480343617904
THA,2005,0.439065435456385
THA,2006,0.03411789570122264
THA,2007,0.02486199258330116
THA,2008,0.03134406535522034
THA,2009,0.025651190463487173
THA,2010,0.270847786408498
THA,2011,0.03453320635615265
THA,2012,0.02962639509372951
THA,2013,0.33730942330721864
THA,2014,0.0503893622381901
THA,2015,0.03722844495296036
THA,2016,0.033318105027273864
THA,2017,0.02326866975999824
THA,2018,0.025346792271902802
TJK,1996,0.19731986407055332
TJK,1998,0.04725023305886313
TJK,2000,0.04130815182579014
TJK,2002,0.022049796275813046
TJK,2003,0.024206300935423013
TJK,2004,0.024395459877034394
TJK,2005,0.021852897320023188
TJK,2006,0.025732846663042114
TJK,2007,0.022636821425006625
TJK,2008,0.023508997350883565
TJK,2009,0.025042514824681738
TJK,2010,0.02345423664395713
TJK,2011,0.03260569084287161
TJK,2012,0.023506214307711614
TJK,2013,0.022936198564008276
TJK,2014,0.02221912475318714
TJK,2015,0.023111982271421288
TJK,2016,0.022494474474438187
TJK,2017,0.028926493697804482
TJK,2018,0.023793024456823547
TKM,1996,0.03019776123867769
TKM,1998,0.02888340112466621
TKM,2000,0.02223916990760678
TKM,2002,0.02211920391372903
TKM,2003,0.02077202298647554
TKM,2004,0.024727608004872597
TKM,2005,0.020959477734167134
TKM,2006,0.025206971500517424
TKM,2007,0.025077051849807488
TKM,2008,0.037304255209682814
TKM,2009,0.030217539746954552
TKM,2010,0.02530071195760723
TKM,2011,0.027461566843804328
TKM,2012,0.025088462821633198
TKM,2013,0.02606116179327514
TKM,2014,0.022243637523446103
TKM,2015,0.02158493490837604
TKM,2016,0.02509153884195189
TKM,2017,0.02486335832176805
TKM,2018,0.02313723809318451
TLS,2002,0.022845502501358677
TLS,2003,0.02249455561038929
TLS,2004,0.03111352696055637
TLS,2005,0.022185722422071705
TLS,2006,0.024833014447083263
TLS,2007,0.02835579045742066
TLS,2008,0.02901365008913631
TLS,2009,0.022733109067037686
TLS,2010,0.025082157981560913
TLS,2011,0.024698746357355566
TLS,2012,0.027390458754654234
TLS,2013,0.031181264122797477
TLS,2014,0.03179682563243325
TLS,2015,0.028934033302016462
TLS,2016,0.03326325440543928
TLS,2017,0.03625262078191567
TLS,2018,0.028852547440652077
TTO,1996,0.02101918950068347
TTO,1998,0.023740456413392227
TTO,2000,0.022618240573650434
TTO,2002,0.02110740794684515
TTO,2003,0.023384006965774067
TTO,2004,0.02108870018373737
TTO,2005,0.020303997295744086
TTO,2006,0.023072995900671
TTO,2007,0.021805467397375895
TTO,2008,0.02131996559091578
TTO,2009,0.04814745555607807
TTO,2010,0.022429476304229604
TTO,2011,0.020874876378112566
TTO,2012,0.021787429491431223
TTO,2013,0.020755020676226317
TTO,2014,0.020741046463440393
TTO,2015,0.022543612876519747
TTO,2016,0.02453459639601351
TTO,2017,0.021180781439088834
TTO,2018,0.020661801387106566
TUN,1996,0.026414332110397967
TUN,1998,0.02403420391034443
TUN,2000,0.021491861947396263
TUN,2002,0.02165825071424606
TUN,2003,0.02041569672080369
TUN,2004,0.021394875873304384
TUN,2005,0.020906401572666076
TUN,2006,0.020399571371765405
TUN,2007,0.022323049524920466
TUN,2008,0.023586795370289872
TUN,2009,0.020851110833519804
TUN,2010,0.43404377477324996
TUN,2014,0.021851960039287646
TUN,2015,0.02149985194482933
TUN,2016,0.02048374353793549
TUN,2017,0.02132879640554
TUN,2018,0.021428286780333445
TUR,1996,0.06812297552708874
TUR,1998,0.04117290054206835
TUR,2000,0.021433221008496026
TUR,2002,0.029172829681307563
TUR,2003,0.023271182398011774
TUR,2004,0.024515502275712666
TUR,2005,0.021953887054666752
TUR,2006,0.02179047020031855
TUR,2007,0.021519791237961744
TUR,2008,0.033632886553133325
TUR,2009,0.026884157242304408
TUR,2010,0.02287150463582494
TUR,2011,0.03731430976870511
TUR,2012,0.02561259559475962
TUR,2013,0.47626170529700107
TUR,2014,0.02624287378858825
TUR,2015,0.02450927805888249
TUR,2016,0.024963654072816463
TUR,2017,0.024614888962081694
TUR,2018,0.021941091825228635
TZA,1996,0.026253207238235262
TZA,1998,0.026278432612841438
TZA,2000,0.02489305623502995
TZA,2002,0.025864173190857292
TZA,2003,0.025905581433294595
TZA,2004,0.03196063093630294
TZA,2005,0.02808341644952186
TZA,2006,0.029800665276671096
TZA,2007,0.03185473674065787
TZA,2008,0.04453141540101737
TZA,2009,0.033206870621682004
TZA,2010,0.02852627584594138
TZA,2011,0.0246253487145242
TZA,2012,0.02426661590091883
TZA,2013,0.02275863469149486
TZA,2014,0.02401292688082503
TZA,2015,0.022275428697447076
TZA,2016,0.021456016133319683
TZA,2017,0.024404818389577542
TZA,2018,0.020743473205383597
UGA,1996,0.03131191431789038
UGA,1998,0.024990786085267832
UGA,2000,0.023602355969317618
UGA,2002,0.023879566086327825
UGA,2003,0.02341209782334318
UGA,2004,0.49522170349586697
UGA,2005,0.023679822381478494
UGA,2006,0.025076354684746494
UGA,2007,0.0274138837128437
UGA,2008,0.03220991454887733
UGA,2009,0.030172351500667455
UGA,2010,0.02293243065412799
UGA,2011,0.026517109791209827
UGA,2012,0.02848886149375862
UGA,2013,0.027491228929540545
UGA,2014,0.04626667970309908
UGA,2015,0.027163389648645564
UGA,2016,0.02263070726729365
UGA,2017,0.03234869602957997
UGA,2018,0.022755625762115404
UKR,1996,0.0364833748348298
UKR,1998,0.033079441914386415
UKR,2000,0.02172473641779968
UKR,2002,0.02141464649054721
UKR,2003,0.021292333436121153
UKR,2004,0.022749380774186673
UKR,2005,0.02354733265233237
UKR,2006,0.020894873609530826
UKR,2007,0.021049980158224565
UKR,2008,0.02135107672619895
UKR,2009,0.027504725146376387
UKR,2010,0.020729145196664796
UKR,2011,0.021384751249874975
UKR,2012,0.021947056265407248
UKR,2013,0.022248347398548137
UKR,2014,0.07215728705026535
UKR,2015,0.04228716585776685
UKR,2016,0.02393165488917019
UKR,2017,0.02099223348056503
UKR,2018,0.021191231295847355
URY,1996,0.022244027809774077
URY,1998,0.021445042050325037
URY,2000,0.021687975908851808
URY,2002,0.03128828278590121
URY,2003,0.026104549803775186
URY,2004,0.02359157600763605
URY,2005,0.027535837631664884
URY,2006,0.023174251900386366
URY,2007,0.0224453592257889
URY,2008,0.020329809089456728
URY,2009,0.02050845708032272
URY,2010,0.02131277226310249
URY,2011,0.021158357698124824
URY,2012,0.02025262073477774
URY,2013,0.02025262073477774
URY,2014,0.0208457069060988
URY,2015,0.02025262073477774
URY,2016,0.020474787177468052
URY,2017,0.021084914965526547
URY,2018,0.021421655276147502
USA,1996,0.020303997295744086
USA,1998,0.02140473554419745
USA,2000,0.020635356654173344
USA,2002,0.02025262073477774
USA,2003,0.02025262073477774
USA,2004,0.020309737558751373
USA,2005,0.020561090013470115
USA,2006,0.02054264155482743
USA,2007,0.02025262073477774
USA,2008,0.02025262073477774
USA,2009,0.020503180720129334
USA,2010,0.020643093229171
USA,2011,0.02078416588734987
USA,2012,0.02138806351271463
USA,2013,0.02126582497419222
USA,2014,0.021402087442961747
USA,2015,0.02050845708032272
UZB,1996,0.028610583694760976
UZB,1998,0.025623606331064582
UZB,2000,0.022390926245301753
UZB,2002,0.02043924331124683
UZB,2003,0.020672215951584954
UZB,2004,0.024153125056948516
UZB,2005,0.02069914400073924
UZB,2006,0.02091285511170642
UZB,2007,0.021938120164772312
UZB,2008,0.022486256005550136
UZB,2009,0.025349197833407628
UZB,2010,0.025760944098001698
UZB,2011,0.028917538236520688
UZB,2012,0.03026149433526849
UZB,2013,0.027470000591765905
UZB,2014,0.02901649232410108
UZB,2015,0.02298824565992987
UZB,2016,0.02314563038868352
UZB,2017,0.026929257187449873
UZB,2018,0.022316191054910145
VEN,1996,0.023469232523011505
VEN,1998,0.022307159952026645
VEN,2000,0.021273516602205635
VEN,2002,0.03555631685145247
VEN,2003,0.02209747494999659
VEN,2004,0.02732734817888349
VEN,2005,0.021358825598798727
VEN,2006,0.021143417009227273
VEN,2007,0.0315436795092618
VEN,2008,0.027635516135391485
VEN,2009,0.04040822205157718
VEN,2010,0.023002059854369875
VEN,2011,0.025868704120127605
VEN,2012,0.35299502555062395
VEN,2013,0.027117901098901425
VEN,2014,0.08499497271003476
VEN,2015,0.06603786304090448
VEN,2016,0.34785646424106953
VEN,2017,0.022551038726965764
VEN,2018,0.022663917664406202
VNM,1996,0.021684231243085383
VNM,1998,0.021570479175324817
VNM,2000,0.021006231631391436
VNM,2002,0.021205624449514807
VNM,2003,0.02097545083117089
VNM,2004,0.02273387184124465
VNM,2005,0.021909651192007957
VNM,2006,0.021400763829920604
VNM,2007,0.02197593474990056
VNM,2008,0.024840571068087472
VNM,2009,0.022861323425576546
VNM,2010,0.03171030769883927
VNM,2011,0.027750368634818657
VNM,2012,0.02369553558437147
VNM,2013,0.027213723522260966
VNM,2014,0.023843970147172388
VNM,2015,0.026100167994694477
VNM,2016,0.020570698477889393
VNM,2017,0.021818408419661473
VNM,2018,0.02373885378251978
XKX,2008,0.02234241940124919
XKX,2009,0.022086510004363055
XKX,2010,0.02252432825461463
XKX,2011,0.020964716662477043
XKX,2012,0.02076137069638636
XKX,2013,0.020667451873821272
XKX,2014,0.020430695728767784
XKX,2015,0.020844000765910305
XKX,2016,0.020274599017483155
XKX,2017,0.021287081671770874
XKX,2018,0.02035570355922202
YEM,1996,0.02608024286343563
YEM,1998,0.027610150402432514
YEM,2000,0.022543493035739253
YEM,2002,0.029088598641126586
YEM,2003,0.028180099968052263
YEM,2004,0.0375621627516133
YEM,2005,0.026474894586143365
YEM,2006,0.023929269484539526
YEM,2007,0.023971561570320585
YEM,2008,0.039170071745821135
YEM,2009,0.04192962745084788
YEM,2010,0.03429017486474134
YEM,2011,0.3372084231074672
YEM,2012,0.0870587698001007
YEM,2013,0.04221442365709816
ZAF,1996,0.020637021826745275
ZAF,1998,0.021082063417293715
ZAF,2000,0.022268904937618367
ZAF,2002,0.02286522245002641
ZAF,2003,0.03317428746669996
ZAF,2004,0.02117845356683098
ZAF,2005,0.02059060777657647
ZAF,2006,0.020360892396400942
ZAF,2007,0.021538840442936958
ZAF,2008,0.021912922036224452
ZAF,2009,0.023555126992157126
ZAF,2010,0.022492669655169408
ZAF,2011,0.020446988911058873
ZAF,2012,0.021376743388226066
ZAF,2013,0.020923581707473753
ZAF,2014,0.0205230792643105
ZAF,2015,0.020295624445729233
ZAF,2016,0.023830957808272935
ZAF,2017,0.02077337783703082
ZAF,2018,0.020456318648619107
ZMB,1996,0.05559541276977815
ZMB,1998,0.02674703681678747
ZMB,2000,0.03870296413248477
ZMB,2002,0.025198254770315204
ZMB,2003,0.02445729948379655
ZMB,2004,0.028184247949932878
ZMB,2005,0.026498361343012537
ZMB,2006,0.03310422290338209
ZMB,2007,0.021499160319748828
ZMB,2008,0.03658368368535391
ZMB,2009,0.027390462838644977
ZMB,2010,0.038571908701763157
ZMB,2011,0.0215287709913262
ZMB,2012,0.021813385550608303
ZMB,2013,0.02454941553959823
ZMB,2014,0.02199604207636267
ZMB,2015,0.023251983916211347
ZMB,2016,0.023930775447163224
ZMB,2017,0.024009885894781008
ZMB,2018,0.024885147613900264
ZWE,1996,0.022317544326882658
ZWE,1998,0.17644326354268935
ZWE,2000,0.021647179864976652
ZWE,2002,0.024742685070070044
ZWE,2003,0.03130102260537495
ZWE,2004,0.025912131359169182
ZWE,2005,0.0209039822094364
ZWE,2006,0.02476193984709026
ZWE,2007,0.027218662766177862
ZWE,2008,0.4316329371214465
ZWE,2009,0.02814435773856928
ZWE,2010,0.02988163379833919
ZWE,2011,0.02299652185806342
ZWE,2012,0.24450652107432858
ZWE,2013,0.023940047423159555
ZWE,2014,0.022715202257199696
ZWE,2015,0.023668294327261297
ZWE,2016,0.022528609784926452
ZWE,2017,0.023212645638733875
ZWE,2018,0.022994430833214983
